scene_id,patch_id,bare_percentage,s2_b1_mean,s2_b1_std,s2_b2_mean,s2_b2_std,s2_b3_mean,s2_b3_std,s2_b4_mean,s2_b4_std,s2_b5_mean,s2_b5_std,s2_b6_mean,s2_b6_std,s2_b7_mean,s2_b7_std,s2_b8_mean,s2_b8_std,s2_b9_mean,s2_b9_std,s2_b10_mean,s2_b10_std,s2_b11_mean,s2_b11_std,s2_b12_mean,s2_b12_std,s2_b13_mean,s2_b13_std,s1_vv_mean,s1_vv_std,s1_vh_mean,s1_vh_std
21,142,3.338623046875,1311.8470916748047,113.23320712829224,990.6262969970703,131.25857781213327,778.9554138183594,139.83835249050225,640.54443359375,169.4362061042026,786.5882110595703,296.64266098698914,990.0319519042969,549.5371101919317,1084.662353515625,648.3034196439949,1056.8734436035156,676.5158170593836,1193.4720916748047,784.9868997144619,405.254638671875,245.195805264194,16.122314453125,2.0771978934659145,1009.2737579345703,793.2268069508591,589.697509765625,453.9330854708735,-13.486055,4.483584,-19.901072,4.393719
21,143,3.28826904296875,1295.921127319336,49.53126591259258,986.86181640625,71.69860153743114,799.8495330810547,92.2809313058767,691.5277404785156,127.60596694434705,895.7715759277344,220.67994072405074,1215.4201354980469,416.24833870384646,1362.5965270996094,485.8918793485789,1355.3884582519531,504.9891316765311,1548.4067077636719,585.2932027653293,520.9569396972656,185.96570519087237,16.323486328125,1.860687930318201,1482.0089263916016,628.1337785526428,885.5646820068359,373.90851852807396,-11.273761,3.6125119,-17.46932,3.523014
21,149,5.7281494140625,1189.131591796875,58.11044465988621,890.9614562988281,99.55407860368753,690.3507232666016,148.41004524193343,542.4126586914062,193.74637991429478,687.8848114013672,281.05434539593466,900.5815277099609,501.80701327354683,986.1188812255859,580.4065699577666,971.3099975585938,605.6906692107327,1073.1590576171875,687.166459463223,363.6585998535156,213.6749680389535,13.26641845703125,1.8109685649544247,914.1539611816406,682.0255149088107,533.682861328125,401.6689419700339,-10.579926,3.1122243,-18.091505,4.296461
21,150,6.39801025390625,1204.0026397705078,70.84532710108644,913.4785461425781,118.21173933801961,714.7794342041016,174.19643130239055,595.1659698486328,238.81056698580696,742.0744171142578,328.8081994602378,944.1508483886719,532.563594071964,1038.8095092773438,615.2789413659322,1029.5366821289062,641.8564908762763,1145.0452880859375,728.220585987831,392.09889221191406,228.20950423029805,13.802017211914062,2.5097897108662623,1085.6392211914062,784.1362374885216,652.6401519775391,479.2086871087985,-10.481506,2.7103732,-18.228554,3.8514688
21,173,5.120849609375,1502.887435913086,317.6650375626853,1176.0659637451172,341.3893449010855,918.6526184082031,314.6170477609266,740.9627380371094,328.5649448107177,754.7208557128906,344.3342541377602,771.5435485839844,475.26610863709624,770.9820709228516,530.3619425152626,702.3988342285156,538.4502627111254,749.9731597900391,616.0008335577052,235.97824096679688,188.9203173465724,15.007919311523438,2.5032232940152,363.9554443359375,583.7068922167911,215.89688110351562,321.0696192347478,-16.299675,3.7340636,-23.027073,3.5555105
21,174,6.634521484375,1320.746353149414,120.0745221882198,1008.1966400146484,136.37625890163727,809.8250579833984,138.97789974517843,669.0727081298828,179.08497003233396,813.4458465576172,301.8592002461002,1018.0682067871094,555.395122954147,1115.2945861816406,652.2953929344758,1091.8524017333984,679.3314203685717,1228.5523376464844,788.8862765632839,410.0491027832031,250.48860413561195,14.825057983398438,1.9988449185969421,1036.2862701416016,800.5355769707035,607.1461791992188,464.5830648632866,-12.815134,3.9672964,-19.521778,4.028884
21,175,1.56402587890625,1301.4664459228516,40.09427142895639,1010.3111419677734,60.92991495563641,840.2516937255859,72.71224628469108,743.1026611328125,107.61766825096073,962.6974029541016,162.25758653007844,1294.276123046875,325.32022580464684,1452.7982177734375,370.50056689409416,1447.1683197021484,387.58767795611664,1642.7912139892578,449.9763616529909,542.3368072509766,139.55679065817708,15.522232055664062,1.8056156632021527,1566.108154296875,501.65250025186447,942.3546142578125,305.2375706888119,-10.401572,2.319261,-16.912624,2.6786146
21,180,5.8135986328125,1191.6981506347656,57.522450824654285,898.9629211425781,102.9328732235281,705.4907989501953,155.11572653259006,558.0774993896484,208.45294014700193,720.2017211914062,270.5493229444848,955.3077392578125,464.0495585499955,1051.4161834716797,534.0207891467361,1037.2157440185547,556.8717319666855,1146.7703857421875,628.8553609162236,385.93235778808594,192.91269069401727,13.090560913085938,1.7189698056396245,938.9078369140625,596.6923814542595,547.2649383544922,362.7183404458322,-10.140112,3.01563,-17.58472,4.096434
21,181,6.59637451171875,1211.824722290039,71.74315922627315,926.4767456054688,121.45986844360817,738.98095703125,181.33654807602096,617.7100830078125,253.69742517114688,786.0223236083984,313.12309000410994,1037.1076965332031,490.6737602020034,1147.7544555664062,564.4907345642255,1138.7542419433594,586.8020497029597,1268.194351196289,664.9793090073632,430.7880859375,207.43256140585777,13.374404907226562,1.788756399472999,1194.9104461669922,725.2684774629155,714.8251647949219,454.71022878547967,-10.087278,2.7251062,-17.530437,3.8742998
21,204,1.7822265625,1895.8793182373047,414.37607106025445,1594.5949401855469,445.54025068368526,1314.9022369384766,418.1161115561069,1138.8934478759766,448.0257155828499,1097.1952209472656,421.374945507302,1061.8875579833984,447.35033488236724,1013.7494812011719,450.6043323107493,894.2851409912109,425.4172902313607,926.2233734130859,464.44763507709666,251.20652770996094,129.29420725435673,18.632553100585938,8.576172107378023,188.2025604248047,350.66541295399963,120.52153015136719,186.22654101705587,-16.10806,2.6368732,-23.766733,2.6582153
21,205,6.52313232421875,1476.5497741699219,310.0262637828906,1173.112533569336,325.3655664276516,963.3446502685547,292.8464114459714,786.9210205078125,301.5139444192126,880.3954010009766,340.3442947928086,1006.1361236572266,561.7588333588554,1053.4035034179688,649.5096136678836,997.4157562255859,672.305072097791,1091.0874633789062,775.9449085132701,343.63848876953125,244.68947279409332,14.419448852539062,2.1172911734179007,704.3397064208984,769.0711065201275,402.0240173339844,425.2341481854802,-13.776417,3.4776797,-21.158194,3.7595618
21,206,4.74090576171875,1311.903305053711,98.718635947398,1034.7022247314453,116.9122068478771,867.8758697509766,118.49862265774998,758.3475036621094,142.629377557792,967.5213775634766,236.7664070623504,1248.2084655761719,472.0531936662456,1388.2242279052734,545.5386870846115,1379.5389404296875,571.9047379112728,1546.8034057617188,657.6117925264093,503.5939483642578,202.51237655531045,14.392425537109375,1.6410230173667717,1337.1036376953125,659.027833296902,781.3489074707031,382.00525769278926,-11.578704,3.0237498,-18.378529,3.1618624
21,236,3.33099365234375,1772.0865325927734,454.2717268249322,1481.4241333007812,473.06608550212155,1254.2990264892578,418.2422819726819,1062.0699157714844,435.94757030199696,1089.178451538086,397.9843867706099,1131.5196533203125,519.3973394544868,1125.2508087158203,571.2453085602904,1025.5240173339844,579.8960251078317,1088.2747802734375,659.0994909289665,315.7579803466797,205.40682698992848,20.512313842773438,12.013985471292713,443.1746368408203,652.598618675046,256.27001953125,351.03365031457236,-14.437655,3.0774019,-22.35474,3.398651
21,237,3.34320068359375,1407.878677368164,248.38285348667932,1131.9796905517578,263.03484760426915,953.5290069580078,242.34849118841538,790.0255432128906,241.3253328573207,947.2760772705078,303.7543415511934,1171.8086242675781,553.0542917729889,1263.1409606933594,649.4493972037208,1233.8927917480469,686.5450583450314,1359.6681365966797,783.5881260635089,433.963134765625,247.22672769110338,14.715667724609375,2.8386204390539675,1016.3693695068359,791.2677756066565,580.4301452636719,445.9556763559854,-12.869071,3.722052,-19.825117,3.8264775
21,245,3.2684326171875,1205.8408813476562,45.22665978682514,921.1843719482422,73.36524841222335,720.5552215576172,109.56024492470974,593.4087982177734,134.93929405907198,782.5259857177734,218.8022318970739,1105.2714080810547,388.77879005052046,1237.7185821533203,453.1998804442517,1241.9799346923828,474.47731603160986,1395.3985900878906,540.4087416323684,474.6730194091797,171.396915879558,12.177261352539062,1.9159260493983608,1358.215560913086,602.0536071604778,795.4177398681641,352.83004651772825,-9.8370075,2.3867671,-16.633999,3.4379141
21,246,2.51007080078125,1214.022933959961,42.573349167767255,931.5938720703125,68.85305935126307,729.4793090820312,99.74527080621053,618.2648773193359,124.89000134450674,795.8622894287109,192.84637172103976,1090.3860778808594,344.0325491711248,1218.9948120117188,401.02459470588866,1225.9989318847656,421.01184271830664,1380.1437072753906,480.30903513747637,474.1295471191406,152.97921283330183,12.506378173828125,1.776108490402506,1489.4700164794922,591.2523673216367,912.8862457275391,384.69044421285184,-9.968004,2.1649497,-16.811497,3.0709062
21,276,3.2684326171875,1185.2659606933594,43.30590705049634,896.9794616699219,74.68771230555106,688.2647857666016,111.52400983411263,548.2303924560547,139.03370116916145,714.7236328125,222.78252869312763,990.2053680419922,387.3902692603985,1101.4288024902344,450.6203858843572,1098.7371978759766,473.08632426663405,1225.9513244628906,536.2824466266738,414.07957458496094,166.59877415688226,11.191360473632812,1.6539597054393325,1067.9812316894531,549.0219101960226,617.4461669921875,318.27942933321225,-9.75202,2.5976582,-16.880604,3.6625123
21,277,2.51007080078125,1200.4208526611328,49.78354475599531,917.3941192626953,83.2675338740892,705.4692993164062,118.73333342066528,597.8901214599609,154.65902011364258,749.8438873291016,235.121988128119,978.9820861816406,387.2275203037728,1087.8719787597656,449.0774939239759,1091.2030181884766,472.45814071753523,1224.2062377929688,536.0055064657249,419.89076232910156,167.95786033775184,11.619598388671875,1.8480178847565887,1279.2743530273438,668.6943857516948,801.9925537109375,454.16261465204303,-10.153374,2.3818297,-17.711563,3.3130362
21,311,3.216552734375,1262.8353271484375,66.0947700555919,969.0225524902344,128.20116761504082,773.9610900878906,178.10584501497758,667.4717712402344,218.71423786135608,870.2425231933594,340.71788865108937,1153.229263305664,530.656315076158,1281.4318389892578,607.4828770303591,1263.0093078613281,619.959054570958,1437.401870727539,707.5087813185519,479.3985290527344,213.66964911211358,17.1873779296875,1.6713866429686912,1335.1381530761719,691.3933136718164,776.9484100341797,394.29584655227205,-10.270777,2.189053,-17.640697,3.3206856
21,312,6.0394287109375,1276.1668548583984,67.887959847056,987.0739898681641,128.63073327535477,795.0647125244141,176.8749334243998,693.42822265625,217.19944339489,906.2324676513672,333.23747353171115,1202.468276977539,511.26745563802274,1338.710693359375,585.312795142167,1320.7420196533203,598.4146132888791,1506.34423828125,682.2353175654989,502.94886779785156,205.8838841722214,17.193679809570312,1.5284603803483081,1429.6758728027344,681.9659623955732,832.576416015625,390.269340340065,-10.349178,2.1684616,-17.622906,3.1852152
21,313,2.8228759765625,1299.1608581542969,51.99728712683654,1010.5685882568359,97.82777091128744,825.1711730957031,132.42749917653137,737.1503601074219,165.7490720582652,962.7238464355469,246.66449441573658,1285.3447570800781,373.6156188166615,1437.868392944336,427.15896463167314,1426.7257690429688,438.9243114720245,1635.6056060791016,498.9993796962074,549.9431457519531,150.7523569791928,17.457504272460938,1.6248481064395837,1653.871337890625,527.8586005414178,977.8200531005859,306.43031100964197,-10.251545,2.1453881,-17.04476,2.8735943
21,334,1.36566162109375,1555.7320861816406,422.0246442852019,1305.2734069824219,453.63762333929566,1101.8258972167969,426.7641642384729,927.4393310546875,418.87640525935547,1030.9539184570312,382.998967198381,1176.539306640625,515.1002787429286,1215.8958435058594,585.1229094023574,1155.9446258544922,613.5433093321592,1250.9959259033203,695.9624708066991,385.54803466796875,228.66930785690636,13.704544067382812,2.131195324602574,740.313720703125,743.0053477232422,415.0320739746094,401.2348101076348,-13.496856,4.0397425,-21.589119,5.0637727
21,335,1.79901123046875,1330.8556823730469,242.6197371164147,1061.7728881835938,259.43720885633996,871.6036834716797,235.89958800945095,703.3922119140625,226.6526859357391,867.650634765625,213.1993003380549,1119.2759857177734,354.1622671707465,1211.350326538086,424.642838562003,1189.4254302978516,457.7442519185327,1313.4449615478516,526.1078968776727,431.8463897705078,177.05990184406855,13.123291015625,1.681847305977093,1003.5901031494141,583.8725367923118,567.5424957275391,323.0004896425816,-11.207027,3.7375526,-18.343605,4.826262
21,365,1.4312744140625,2018.7849731445312,365.07169433972877,1778.0903930664062,409.94634146002187,1525.0545806884766,388.12150963365684,1334.6725463867188,413.2632931332968,1267.7611236572266,384.09295342639217,1207.0927276611328,398.96785603726335,1125.868179321289,383.6124846693375,984.6657562255859,356.07570587712,1009.6943664550781,373.915784894295,253.0279083251953,91.18947150674302,14.203506469726562,2.4734701779628594,129.74368286132812,233.1360149453755,85.4140625,122.27477626495389,-16.464895,2.6890683,-25.559328,2.9067116
21,366,3.2684326171875,1583.5807342529297,376.92826777731506,1324.7511749267578,413.8899220508016,1105.6727600097656,379.01012900334644,927.18994140625,386.83774809784853,988.3199005126953,331.0416882192891,1099.3652801513672,414.99884181140845,1116.2206573486328,473.2315760210498,1046.1375579833984,501.8845478889645,1123.3754577636719,571.9652108701843,340.5913543701172,196.55698060013228,13.580322265625,1.9046211005787652,589.7088012695312,659.6258353467613,335.7113342285156,357.2026321908127,-13.34441,3.6462293,-21.689112,4.9754343
21,367,1.837158203125,1265.2396240234375,139.38285688863863,995.4359130859375,191.4439290414874,803.7520904541016,198.22355135670307,651.2156066894531,217.83806599439257,835.6603851318359,276.37991578993024,1123.1822967529297,441.85775354725024,1232.5142211914062,512.6482112105978,1221.9640197753906,540.8661857175398,1358.6343536376953,609.9007745682677,455.92649841308594,193.8259559619722,13.942733764648438,1.6875184452601835,1082.5684051513672,600.6210842274336,610.5321044921875,332.93810566371667,-11.038546,3.273718,-18.078,4.249002
21,388,1.06048583984375,1407.2798767089844,250.13295166252422,1065.956314086914,292.7081029066165,777.6662139892578,295.6636799110016,593.96826171875,317.43177502098695,579.3080749511719,343.66733745012607,582.0985717773438,443.89420778683336,567.8156585693359,483.34414505670316,507.3263244628906,481.4615889937715,528.8783264160156,539.7352172435039,167.91384887695312,157.82006574100063,16.507705688476562,2.0365020315994906,194.44381713867188,432.29838767093537,117.21797180175781,234.2474347269567,-16.92234,2.9163952,-24.095045,3.0336552
21,389,3.26690673828125,1380.2356262207031,227.6379450330246,1044.5162048339844,268.32513270865303,776.6266021728516,271.55653878978404,603.2057800292969,296.22776657824136,630.7756195068359,365.70542704920706,674.2285614013672,532.5769621971347,685.1411437988281,603.1228418489239,632.7435760498047,612.9609729459046,672.9411773681641,690.3529463433058,217.67605590820312,206.15896704731145,18.396408081054688,2.3693610923229076,352.78770446777344,598.6493641335929,215.2483367919922,352.5997121332351,-16.508244,3.82084,-23.721516,3.5853333
21,390,2.2064208984375,1564.3431854248047,315.7856039218641,1253.1515502929688,359.3737659795918,986.3572845458984,344.399267413911,836.5342864990234,358.34909135250564,849.5523529052734,361.4081779221214,874.7824096679688,451.64640374606336,874.2168731689453,496.9690079201056,802.8700103759766,504.75100793486973,848.5238800048828,560.2187406934278,259.98223876953125,168.59836970752352,21.776199340820312,5.166854796167326,391.92250061035156,605.2386411699165,260.26959228515625,391.30098663376305,-16.987404,4.381365,-24.046154,3.677259
21,397,1.46942138671875,1714.5017547607422,361.6052035564592,1451.8437805175781,411.529815680597,1193.7751007080078,399.0071934065313,1020.9430541992188,415.3275829778521,1003.7873840332031,386.2631758514082,1013.0249328613281,429.5553722860392,976.400634765625,452.25019250081994,876.3208160400391,453.19451658702144,914.5790863037109,500.8248772571933,253.7779541015625,156.87107311853634,14.088516235351562,2.1334974765685804,266.6363830566406,479.1710494574846,159.3881072998047,254.3919904650838,-14.884454,2.7191336,-23.866243,3.571676
21,398,1.40380859375,1313.1019287109375,194.25448941442005,1040.5215606689453,251.61941306947796,825.8324890136719,259.4218196831484,662.9294281005859,286.68437199717505,769.2084045410156,378.98501967183677,928.5807189941406,583.2896604497785,983.9621276855469,672.3609366675819,951.6529541015625,701.1586729779508,1041.259780883789,792.168575015779,343.05950927734375,252.84940732204376,13.738983154296875,1.9291143104195358,720.9462585449219,742.6112485494732,405.9362335205078,404.2180564497736,-13.073042,3.2978666,-21.06791,4.429196
21,419,1.06048583984375,1291.690170288086,120.46902282336895,969.6837463378906,154.07124193386343,741.7459716796875,189.93632905877027,584.7801666259766,224.45708981079136,703.9202423095703,367.8097919603672,900.8133544921875,626.2317709207389,973.0690155029297,723.9501957369972,941.3510284423828,742.1245630550854,1050.1141510009766,855.8637299587929,352.0818328857422,270.2177480850602,17.98028564453125,2.6595927067265066,821.2147979736328,798.0960230721571,474.0570526123047,453.0722839365037,-13.702216,4.033083,-20.454603,4.331989
21,420,3.26690673828125,1282.3101043701172,71.47996024073417,969.9853668212891,105.28096179676326,758.1372222900391,140.49358328613891,631.7640075683594,183.74618497834356,786.4236297607422,322.03114982691704,1010.8515625,556.5792458484054,1110.291488647461,644.5329627900106,1096.1031799316406,663.6072467325182,1232.1820831298828,759.6241653355138,415.7187805175781,235.07219327755772,19.219451904296875,2.266264196983353,1162.7409057617188,788.6933558377038,728.0411071777344,513.9914921046377,-12.2877445,4.460843,-19.55468,4.1691527
21,421,2.2064208984375,1314.805160522461,109.57967199711352,1009.6822967529297,120.4619166616332,784.5898742675781,109.25664261868673,680.2691497802734,133.05005199954752,800.2720489501953,217.70691047460346,960.8187866210938,380.6824671247853,1045.4075622558594,454.4352921859402,1042.354248046875,485.3584040918916,1167.220474243164,556.846943307028,401.71205139160156,181.60156162287132,20.717636108398438,2.456717165518333,1224.5890808105469,765.4422221234831,812.3761901855469,521.307239043107,-11.714695,5.0931845,-19.551762,4.287636
21,425,2.63519287109375,1583.7918701171875,294.77286004375924,1292.1905975341797,329.86849700302696,1023.9457702636719,316.85022817883134,861.9499206542969,310.7555205057088,871.4229583740234,313.4847708966404,905.9919891357422,394.4813385971228,899.3396301269531,437.94656444155606,830.4978790283203,451.3598234015166,880.1211853027344,508.2446034419765,305.84967041015625,162.9440569661102,63.21246337890625,14.746784265657991,495.9132080078125,640.6937128537274,335.2423858642578,407.4289860114045,-16.258116,4.395902,-23.907057,4.084045
21,426,3.33404541015625,1643.4722137451172,309.4222837969201,1385.3746490478516,340.2138588156779,1128.2491607666016,329.2831975226544,964.6570587158203,341.76426610954474,995.3625640869141,391.09049034553817,1056.8580322265625,554.9660960126927,1052.190658569336,632.3345652836088,973.9008331298828,651.2196603983896,1027.7021942138672,734.9909493100546,327.8040771484375,238.0445547105041,51.66241455078125,21.52452188579649,481.57020568847656,724.9359581698415,290.07301330566406,400.8324595624783,-16.380297,3.8782172,-24.502674,3.8875372
21,456,2.63519287109375,1305.776611328125,71.52100107531865,1010.3902282714844,98.9824610347793,783.9288330078125,117.52292231408985,671.9037780761719,147.78273420774022,799.6820831298828,251.71947745623746,983.7891235351562,414.76701127289215,1072.3292083740234,487.0040711395941,1065.7067565917969,512.8724920104781,1192.9475555419922,583.2275204828958,440.46229553222656,184.40083914345567,51.24021911621094,14.432348469651398,1224.1188201904297,708.775704072795,804.5518798828125,466.15635964982164,-11.352403,3.8678176,-19.197697,3.9732172
21,457,3.33404541015625,1335.945068359375,96.7221346406224,1071.1858978271484,163.112102981788,861.0973815917969,197.50156405872826,742.6352081298828,234.59634261539003,904.7587280273438,384.806914127584,1131.5395812988281,617.2419077745012,1227.7570190429688,710.1720415251605,1208.7505798339844,733.2495275650346,1337.0503997802734,826.1890719668678,478.82928466796875,258.28193046279847,61.721160888671875,15.633153387400064,1136.080795288086,781.3987986733731,689.4843292236328,455.6060218390649,-11.930889,3.711766,-19.89121,4.2197886
24,57,5.28564453125,9195.870590209961,231.1515648908103,8852.046630859375,295.1352342238183,7898.452850341797,316.56850773784,8439.025466918945,389.0979778098171,8654.187744140625,408.7444803686944,8613.837356567383,418.11508622912913,8470.097610473633,419.08121343599197,8117.596862792969,417.65357467626797,8214.171142578125,421.598436049122,5166.220184326172,263.3445647493463,289.32081604003906,33.379668026972865,757.2886657714844,61.286586378057535,827.3206787109375,63.03241375644105,-21.233171,2.767226,-29.709532,2.3435595
24,86,2.08282470703125,9304.052795410156,227.56273352356902,8971.171798706055,289.0813164990142,8007.46125793457,315.3666275886841,8558.331619262695,394.71481771242816,8776.457504272461,418.3606101108307,8734.625244140625,429.5946788947764,8592.96176147461,434.3553183451083,8245.705062866211,431.79956975564977,8336.144515991211,439.9080198432159,5241.108596801758,283.40601477305,310.9308624267578,42.747685908572386,800.1679534912109,76.14776504812853,870.4815826416016,78.20597422482028,-20.98029,2.6992416,-29.761187,2.2731793
24,114,6.512451171875,9566.198501586914,195.55813478450943,9254.59211730957,237.6109183415899,8291.18798828125,254.4021914928853,8885.823806762695,313.90732544421417,9117.851531982422,331.80563270718085,9084.772399902344,341.1103026037675,8948.544555664062,344.6043482876949,8590.214736938477,341.86678157895614,8691.13949584961,347.52226088824955,5463.400772094727,225.41707074870425,351.7712707519531,44.880668830133004,885.2135772705078,82.97562791117886,957.1554107666016,81.24736456638382,-20.76379,2.6061296,-29.6583,2.2079432
24,115,6.6192626953125,9425.463989257812,208.2628674332452,9095.902374267578,258.0476847913943,8127.2213134765625,275.8129904403309,8694.525039672852,337.63400024733113,8919.264663696289,355.5509668915245,8879.763320922852,363.9058288466082,8743.117736816406,366.1832383595985,8387.978408813477,364.2024493041044,8488.399703979492,368.464511125257,5337.582321166992,236.9770063320706,335.5477294921875,41.282268078275344,850.3459777832031,79.78691306776629,921.3117828369141,78.66465104825458,-20.736431,2.7328212,-29.696339,2.2793398
24,143,6.512451171875,9562.623916625977,211.33909743902032,9230.81997680664,262.344018775174,8257.279571533203,281.6604706971357,8841.251724243164,344.6364641533016,9070.707122802734,363.96458335102443,9036.560333251953,373.1284207633922,8902.397201538086,376.98167365676056,8537.856506347656,376.22056490984835,8647.390167236328,379.4874503818419,5440.982177734375,248.26413975221607,373.01055908203125,40.41857197233878,922.6825103759766,80.59713769884054,992.1998901367188,81.01711096598693,-20.974228,2.5605323,-29.693272,2.1743433
24,144,6.6192626953125,9499.60336303711,173.5431967757228,9164.866607666016,210.23690409964004,8189.696197509766,221.7669850582151,8763.49447631836,267.06959581044447,8991.218795776367,280.04430299639614,8952.675354003906,286.45570099845844,8819.257614135742,288.4223982691212,8458.91470336914,284.81433769717984,8566.315002441406,289.76205161465265,5394.677001953125,186.2540911447589,373.9946746826172,39.887948283864745,923.05029296875,76.98178303564917,990.4742431640625,77.08092937620475,-20.876019,2.6837854,-29.695879,2.2615318
26,126,3.2623291015625,7422.892608642578,994.2051877379268,7331.813140869141,1176.231065015,6772.554061889648,1130.2546633305203,7140.819244384766,1254.1364285103375,7277.28759765625,1191.9533799633666,7274.649826049805,1083.7626698870827,6997.691558837891,1021.1614496222503,6662.720764160156,995.5746628922757,6653.910064697266,956.3123689538792,3973.096221923828,516.7058627169314,82.87150573730469,9.978821988206121,454.5169219970703,61.277030521276,457.3587188720703,71.81166939415971,-10.813379,3.0222893,-17.880081,3.8804002
26,127,2.97088623046875,7266.631240844727,1132.9082929406002,7169.790283203125,1325.691511190977,6623.948379516602,1272.1860419582954,6974.76008605957,1406.5037951471886,7110.2801513671875,1344.4461680391676,7110.093444824219,1225.130613912155,6836.876754760742,1153.974817682518,6508.063262939453,1117.901420503445,6495.589996337891,1078.6616234371188,3877.2515258789062,587.6403758783239,79.3709716796875,10.570202021927216,429.220947265625,54.72381839284712,428.53173828125,65.44700959887632,-11.634323,3.6208375,-19.19929,4.514022
26,155,3.2623291015625,7621.915603637695,621.2135963897878,7546.196960449219,806.1791272299171,6976.213973999023,785.3899931380911,7380.876419067383,871.6469705597447,7495.366958618164,831.8053130553387,7434.088150024414,788.3871970829897,7150.872161865234,746.2529706678919,6808.604263305664,738.9664318794139,6798.035202026367,702.6786313809924,4065.417510986328,362.2010109001977,86.15771484375,6.794454332073992,478.98057556152344,54.99946902940414,490.2916564941406,57.69885754143735,-10.244465,2.8805928,-16.839931,3.3960783
26,156,2.97088623046875,7367.325424194336,815.3227611844085,7276.168884277344,1001.5798082003519,6724.309463500977,965.4022421338086,7094.889434814453,1067.8873907210138,7216.488052368164,1018.15221135443,7179.077575683594,949.1883213005166,6908.855239868164,895.8910436600535,6577.616409301758,877.8889589057383,6564.279342651367,840.2396399136435,3927.742156982422,445.4895748022133,82.556640625,7.781326232291614,454.36598205566406,52.95074058359101,460.3425750732422,57.355745808556236,-10.380541,2.637667,-17.409359,3.6615489
26,175,2.0721435546875,6995.816711425781,1045.2611304871389,6878.628555297852,1252.838180583562,6335.78515625,1205.1998068821065,6668.184539794922,1336.5593326422477,6800.783386230469,1273.8964631181684,6823.106216430664,1173.290902853561,6570.403945922852,1107.6349799734442,6244.673812866211,1078.85051874876,6234.19953918457,1034.050190219378,3708.026611328125,554.5458931204425,74.30670166015625,10.069605847484233,393.57395935058594,53.64071595976857,385.99298095703125,61.89300642193693,-10.021095,2.7541285,-16.763882,3.5463529
26,176,3.271484375,7451.290283203125,779.0113110256339,7362.831161499023,954.2468597048785,6795.890274047852,918.1793601645929,7181.583831787109,1013.8473769332436,7292.841598510742,960.614166247393,7255.172698974609,890.3825348527814,6977.851364135742,839.4760783050449,6632.741394042969,825.2094128154257,6618.286834716797,783.7239381008843,3941.276580810547,414.40558344449136,80.67475891113281,7.902372217678035,422.3677520751953,53.90313054369118,425.27809143066406,57.3538886940973,-9.860643,2.4131866,-16.984043,3.4622436
26,177,1.1993408203125,7709.690093994141,416.78309727493485,7639.154281616211,604.0192456881323,7061.381973266602,586.9685019607571,7481.601089477539,647.3456132479516,7587.028289794922,596.7183678843287,7523.539031982422,564.9412938250238,7236.257019042969,533.3606664121712,6881.298278808594,547.0140565847331,6867.229583740234,499.8819533453072,4094.534210205078,233.3088441829795,85.19172668457031,4.836622077404292,450.439208984375,51.6202112238624,459.64122009277344,52.96196706663223,-9.555514,2.2260685,-16.404993,2.7345076
26,204,1.9317626953125,6958.888702392578,978.4682860944588,6845.975082397461,1193.7071562091753,6311.22184753418,1146.755533452003,6646.488006591797,1271.4762824277625,6782.585647583008,1208.0752389305796,6809.144805908203,1107.4708737492283,6556.479400634766,1044.6193278137134,6232.40576171875,1016.8635298875109,6222.382568359375,974.3409991073951,3701.334976196289,516.1973225430285,73.8160400390625,9.319261534017194,391.49159240722656,49.53416933792199,383.09080505371094,56.87377722049072,-9.87792,2.4253173,-16.525337,3.2410088
26,205,3.131103515625,7348.117614746094,742.6506602468368,7263.665588378906,939.1391025412803,6710.282806396484,900.4139462684925,7093.469009399414,992.4316945826251,7213.997863769531,932.8974311087545,7192.306747436523,859.4470254126223,6918.329574584961,809.3467311940743,6577.224456787109,797.0659464112595,6565.29411315918,753.8623346783825,3908.3182373046875,389.3611878389771,79.12434387207031,6.958757946720727,417.3157043457031,50.592153345950464,416.66448974609375,51.66579597649831,-9.889676,2.446193,-16.767511,3.3474717
26,206,1.1993408203125,7476.881591796875,503.9153217623385,7401.187850952148,719.3269397937016,6842.430587768555,692.9691021375997,7248.840484619141,763.2906103134219,7365.37678527832,703.462763958332,7325.415237426758,656.9401265114815,7049.859512329102,620.8687174578694,6705.279586791992,630.3642289412613,6695.432373046875,580.9325339598576,3990.636459350586,274.47369985981226,82.01704406738281,5.278935157698105,447.34864807128906,50.87055799736048,450.1545104980469,51.20581344542391,-9.611111,2.4857826,-16.14863,2.8449624
26,277,3.2684326171875,6700.083786010742,1097.8997080494669,6615.679092407227,1329.4398786788415,6106.189987182617,1289.8977630287654,6443.714340209961,1436.1837112901399,6598.070770263672,1371.781154582694,6649.313690185547,1267.5171299194492,6408.522354125977,1193.661220388096,6097.777603149414,1165.496490182364,6103.425003051758,1122.7428550544853,3658.757858276367,599.9880003994805,79.3056640625,11.558045843867504,430.326171875,67.40679574886097,429.13087463378906,78.9938049290395,-10.948603,2.2229366,-18.386948,2.9836006
26,278,3.265380859375,6811.911682128906,1013.7017121151894,6726.8529052734375,1246.9773578072272,6206.7691650390625,1207.1906755930906,6544.680160522461,1346.3688966226598,6707.4334716796875,1270.8197692050019,6770.861511230469,1155.539021690727,6524.400863647461,1082.3669249877703,6206.129867553711,1059.7697187629508,6214.167388916016,1014.9160302046906,3722.960189819336,529.2913466491622,80.30107116699219,9.84205138246602,417.26318359375,64.36259511109728,418.7850646972656,73.03769707772283,-10.936567,2.2495859,-18.415653,3.0599184
26,306,3.2684326171875,6759.941024780273,1032.339454853249,6680.553253173828,1251.5154587473855,6179.483810424805,1202.0001309362895,6510.01921081543,1337.249910134964,6700.327301025391,1248.589812137145,6814.3519287109375,1110.154379569343,6572.534072875977,1038.3122715391007,6254.921325683594,1017.8733346702164,6264.068878173828,970.6524477079283,3746.913116455078,508.5883298735088,78.68528747558594,9.97187975441678,409.1471710205078,53.688134866392346,406.1586608886719,64.44609055411146,-10.950881,2.2609427,-18.339706,3.210129
26,307,3.265380859375,6584.395690917969,1054.6698068173262,6485.907745361328,1261.3939320079062,5988.768829345703,1210.074121419801,6287.768539428711,1346.9441380573196,6501.476531982422,1254.1170136701119,6675.336181640625,1103.0415910451475,6449.198211669922,1026.1798842773537,6139.001663208008,1002.8750140801457,6152.296783447266,957.907427379144,3681.6006774902344,503.0602422436116,77.03507995605469,9.281345642773386,386.0180969238281,43.356733192508266,378.1088104248047,54.51665488344917,-10.771847,2.262715,-18.043463,3.2975466
26,341,1.73492431640625,6893.5797119140625,1012.2327834593814,6786.735870361328,1243.2615799089983,6254.201553344727,1189.918845188269,6595.054443359375,1313.3647798492689,6745.1383056640625,1246.4952152213764,6770.217559814453,1166.0060292608725,6516.720031738281,1107.1233989243915,6194.917037963867,1092.6143924414978,6204.892822265625,1052.1920005395905,3718.2525024414062,555.1378590911241,82.34043884277344,11.057414270718631,451.1562957763672,59.260231398178334,453.6489715576172,69.84706035817217,-11.355941,2.9456265,-18.76026,3.4843156
26,342,3.2623291015625,7320.668365478516,1075.0784715001253,7230.607452392578,1288.5607131629308,6675.118103027344,1229.6184433032424,7051.456604003906,1355.8380654711705,7194.060409545898,1291.9494848493753,7195.943344116211,1205.314112141292,6918.993682861328,1143.7104281583515,6575.891311645508,1121.3656652685224,6583.0291748046875,1087.2396474410223,3942.9263458251953,583.367739863808,86.93904113769531,11.857456117755163,446.7492218017578,57.06032695468165,460.55543518066406,70.39883529869937,-11.676001,3.1652052,-19.065166,3.790838
26,343,1.52740478515625,7907.152542114258,602.4857069675313,7843.757675170898,803.1666155377997,7252.799758911133,770.23580487909,7681.847671508789,850.4468863837556,7809.9794921875,787.4545765246929,7772.441345214844,723.9407674104256,7467.183013916016,678.2160930875193,7097.173843383789,674.8565322703668,7103.93620300293,637.0177745676519,4254.0699462890625,312.0581173532453,93.96095275878906,6.078302081728324,465.81080627441406,46.42825084588286,494.64878845214844,48.35251698832112,-11.716764,3.3752813,-18.983866,4.0577683
26,370,1.73492431640625,6653.290252685547,1118.9593231663243,6531.951400756836,1346.1615684329945,6006.959701538086,1293.91409894293,6320.13166809082,1438.2823377174775,6477.072860717773,1370.4297776828428,6526.00959777832,1265.1932167645843,6285.020446777344,1196.222546483706,5976.024017333984,1171.620978420297,5986.891616821289,1133.2391237411773,3592.4019317626953,607.5868709001519,79.74819946289062,12.46710686053237,435.49684143066406,62.76321154678127,430.66461181640625,77.4648871999254,-11.9093685,3.2829819,-19.438183,3.818374
26,371,3.2623291015625,7037.31233215332,1270.865900307435,6925.135192871094,1488.6594238513464,6379.312576293945,1429.1263939790524,6720.144638061523,1584.6509308846341,6874.206970214844,1517.5988107435103,6911.990325927734,1402.9812587531294,6649.478729248047,1324.8777944982091,6320.490264892578,1287.8251139917006,6329.145797729492,1252.9223242178334,3796.806838989258,684.3020333999193,83.86538696289062,14.145821107964057,428.35389709472656,57.276565859996424,431.6912841796875,75.14335644801048,-11.822269,3.3925078,-19.074732,3.9811068
26,372,1.52740478515625,7683.598815917969,959.3517248937968,7603.753570556641,1190.4056986288117,7021.027450561523,1151.590505680595,7423.871810913086,1281.6707086657293,7558.627944946289,1213.8787077916575,7547.518081665039,1115.437091926355,7253.877975463867,1047.052144273583,6895.852828979492,1027.6233756775905,6902.575836181641,985.314901070133,4142.338653564453,512.2480466020355,92.40608215332031,10.163434910226128,451.5784149169922,51.72647238444812,472.8526153564453,62.29211072756143,-12.371694,3.6307516,-19.767189,4.311981
26,373,1.9195556640625,7873.022506713867,909.1737590586334,7800.859710693359,1122.2035474924776,7203.266876220703,1084.618937928959,7614.604095458984,1205.0098162483805,7739.216201782227,1139.714242621609,7712.685577392578,1042.5286149596861,7405.999160766602,975.9313957848012,7040.881607055664,957.9290134863777,7044.112747192383,918.5616650834595,4224.813034057617,477.65198942930465,94.24740600585938,9.570654138529846,445.71441650390625,45.64581426364709,472.80963134765625,57.39435311971127,-13.810777,3.6924317,-21.575106,4.339971
26,374,3.3355712890625,7485.784713745117,1121.6046022878945,7392.101058959961,1347.6923733252318,6813.700790405273,1299.0456112542795,7184.649108886719,1439.481706439597,7323.796401977539,1364.584017686993,7337.996826171875,1249.093809914896,7051.359466552734,1169.7574894402976,6706.645278930664,1143.460214239149,6711.390075683594,1098.907149609793,4026.6002349853516,585.035322894061,89.94903564453125,12.266567800059478,439.29722595214844,51.41626685386125,455.7577819824219,64.97568174798594,-13.173564,3.4760137,-20.73775,4.2015014
26,375,1.416015625,6552.957778930664,1231.479017258901,6410.128967285156,1535.5163451117921,5877.676239013672,1485.6752051174233,6162.331115722656,1657.2470023175492,6331.854751586914,1571.0916662462694,6434.084075927734,1450.6026875986392,6205.787002563477,1364.6164748193987,5910.731964111328,1346.7952597235383,5921.416015625,1286.5634534571452,3565.4678344726562,668.6493184583036,80.65380859375,13.788539965187278,424.1341857910156,55.200807235199285,417.5862121582031,74.3817522232548,-11.794778,3.0713677,-19.03925,3.8466167
26,395,4.84466552734375,6849.853454589844,1229.6844586466834,6765.249755859375,1435.5327519925825,6241.51139831543,1381.118931634262,6579.042587280273,1529.551144172315,6742.54768371582,1460.5354277986296,6795.608093261719,1347.0657480771868,6539.689636230469,1262.8064855786674,6218.144882202148,1222.8727806176043,6227.43342590332,1183.7887525749343,3723.8740997314453,642.5822235122532,78.2633056640625,11.431679432130318,386.07542419433594,41.370603424054636,383.97247314453125,47.33751608181048,-11.706625,3.604311,-19.776085,4.0748177
26,396,9.79156494140625,7262.052536010742,968.4868382960793,7194.114501953125,1147.4321492849976,6644.964508056641,1106.7436770420015,7032.353134155273,1220.337559101802,7169.058639526367,1165.9315270895338,7158.162841796875,1088.9502565717705,6879.523056030273,1022.0204598393497,6538.242858886719,995.0276543279947,6546.745040893555,959.0984284176432,3922.6941833496094,515.2914227980918,86.05921936035156,10.213550176265926,428.9569396972656,60.61935763296874,442.0682678222656,67.04636163359852,-12.007838,3.4024749,-20.39689,3.7622972
26,397,4.9468994140625,7267.339447021484,667.3142179989438,7196.796340942383,839.4504278723916,6644.374420166016,819.2335456960778,7051.697265625,896.1123368630563,7170.419876098633,863.848064178926,7123.767990112305,838.7654759286212,6851.857727050781,790.5526098151882,6514.389083862305,779.8852483189503,6525.481704711914,744.2416804338618,3925.1360626220703,382.5332633865876,90.75587463378906,6.999327750777137,485.12550354003906,62.862250821373,505.414794921875,62.217045310390695,-11.676971,2.1669974,-20.16754,2.6320622
26,400,1.24359130859375,7172.966583251953,1140.6972308225656,7071.696228027344,1384.940213058144,6514.1746826171875,1339.6175860517174,6875.849685668945,1495.7175901454198,7023.607833862305,1426.2107422459992,7046.346282958984,1319.9641628917734,6782.402481079102,1246.4661685149208,6451.80143737793,1222.3062288212172,6461.658355712891,1177.768982004661,3886.7793579101562,625.7939532242376,87.78738403320312,13.557613724754345,449.64537048339844,65.50410262855722,456.8121032714844,78.97032808137719,-12.078944,3.530195,-19.751507,4.2113395
26,401,3.265380859375,7401.751724243164,1000.9399811555276,7306.800643920898,1291.3337959886858,6735.822662353516,1253.0024000419278,7113.903945922852,1401.194289292357,7261.163162231445,1322.678822258214,7283.429931640625,1221.3031331415364,7009.17936706543,1150.27956174495,6668.621994018555,1140.2672983953466,6677.058074951172,1086.3267559643273,4017.725311279297,550.1220043327545,91.30191040039062,11.307671730019667,451.6754608154297,58.650294120042425,464.9762420654297,69.32318963014518,-12.640227,3.972036,-20.164486,4.553554
26,402,3.94134521484375,7399.929260253906,954.3511557012031,7303.140121459961,1214.9142336256884,6732.650131225586,1174.0865144507898,7100.830963134766,1307.4223553006568,7254.919540405273,1228.4347686076496,7295.0748291015625,1126.0392486415258,7019.311126708984,1056.1625689889204,6678.537200927734,1045.408540285884,6685.093200683594,995.1445437445215,4021.360137939453,510.72074007944434,91.29653930664062,10.574800310068282,444.47125244140625,46.88163882668695,457.5650177001953,59.945924036479184,-12.545643,3.685325,-19.99267,4.295775
26,403,3.3355712890625,7474.439422607422,805.4664507414798,7387.872283935547,1051.3597495398626,6820.276306152344,1013.1346352452006,7198.634460449219,1124.3646590372364,7354.293228149414,1049.0206781030042,7389.751983642578,962.9183802790322,7106.815902709961,901.7020125335963,6762.679260253906,895.326605150147,6768.661911010742,848.2909277525807,4071.3243713378906,426.8834430448583,92.86886596679688,8.775088747553797,451.20335388183594,45.221677382961204,467.8232727050781,53.96104539887456,-11.655699,2.919045,-18.989344,3.7036982
26,404,1.416015625,6899.457061767578,1119.1823377041233,6780.67756652832,1398.4271998118093,6241.856842041016,1347.5972704535739,6566.506286621094,1501.580637152926,6733.901870727539,1428.2469014017456,6810.99690246582,1318.0601909963764,6562.67985534668,1240.9150889673356,6249.964248657227,1218.5369378893574,6258.419464111328,1171.092566872966,3773.9141387939453,610.3952720331366,86.736328125,12.74610497313136,438.40260314941406,47.96531955298842,442.6533660888672,68.6674593865147,-11.503577,3.0108051,-18.691837,3.8108792
26,424,8.10699462890625,6633.201889038086,1317.1038838550976,6530.984634399414,1516.4318048078908,6009.826080322266,1461.1453344900176,6328.991851806641,1618.4638748433986,6481.549224853516,1554.1683624126358,6527.039443969727,1432.2893373852605,6282.997772216797,1344.1415277150838,5973.109527587891,1297.2236311789525,5982.745956420898,1261.7333992197443,3583.0927734375,692.3794258328834,77.06285095214844,13.09087483636777,396.6086730957031,58.35508006260765,391.1424560546875,71.62733016615562,-11.284631,2.6964357,-19.47263,3.3650713
26,425,12.408447265625,7105.951110839844,903.0556564276334,7031.742202758789,1073.0081371380343,6489.0897216796875,1038.159436385858,6879.398330688477,1136.3091111829965,6997.248580932617,1096.755225007132,6956.291595458984,1046.8998760717107,6684.501235961914,985.5216312591137,6352.592132568359,961.9959486537297,6361.739700317383,926.6909437690024,3815.194625854492,493.2391201939952,85.61763000488281,8.984533957741528,455.77647399902344,69.17957198514448,468.9922180175781,69.44758770626987,-11.486906,2.1768284,-20.219795,2.7571986
26,426,4.9468994140625,7007.563537597656,726.4167376617984,6922.21159362793,924.9935445597889,6383.5687255859375,904.688586652487,6776.748092651367,1002.8193809552251,6892.030090332031,963.6963636356179,6846.33935546875,924.5756318331732,6587.825012207031,874.4655081509381,6264.585021972656,867.5435916403649,6276.640365600586,828.0971785455647,3777.9935913085938,425.42184744140945,87.9969482421875,8.950209656416185,495.3797302246094,65.22730407430788,510.19309997558594,69.2164127488584,-11.751857,2.1526613,-20.142027,2.5913987
26,427,3.29742431640625,7083.364822387695,750.4101897751784,6996.185302734375,1005.4443640332938,6447.119781494141,995.5409906223485,6837.008209228516,1116.26964707522,6951.961151123047,1063.0922943204177,6905.946044921875,1028.9513607797835,6642.732040405273,977.0760075638478,6317.033020019531,988.2363415141234,6326.161560058594,931.1914922158616,3805.2689819335938,462.3971419880738,88.33941650390625,9.655482008363393,494.2278594970703,71.56972900916352,507.0383758544922,75.33404901173041,-12.01095,2.4893394,-20.310366,2.894854
26,428,3.33404541015625,7342.814147949219,898.7111752530337,7260.892730712891,1164.3717736299732,6692.591232299805,1142.8285078122897,7087.971054077148,1274.102570829287,7204.975692749023,1216.8308508892603,7160.599319458008,1170.2648271952853,6881.929229736328,1109.9117048854453,6543.114929199219,1112.5980131806875,6549.365509033203,1056.0970710484528,3936.4317626953125,532.5318995824741,89.85786437988281,10.191064882873587,470.70985412597656,69.44755802749394,486.1183624267578,70.694828033406,-12.247838,2.9406805,-20.75729,3.5031285
26,429,1.28021240234375,7442.336090087891,951.2534207479176,7353.682876586914,1215.3844242499877,6777.229232788086,1181.0886454909414,7160.331649780273,1316.939152409545,7295.764755249023,1251.4574012485466,7292.079818725586,1170.4767738685437,7011.460433959961,1105.4486901435077,6667.265243530273,1094.5452391389422,6673.28369140625,1048.0371754408811,4013.5223846435547,534.7214467570705,90.73443603515625,10.973424627079801,445.76612854003906,65.23030166597546,461.062744140625,72.35191005841209,-12.1299715,3.350554,-20.379742,4.1181903
26,430,3.265380859375,7352.812957763672,802.0104234853904,7254.900772094727,1071.0524782185214,6685.522857666016,1040.9286173167038,7049.799514770508,1163.7648089937375,7211.374450683594,1091.093047365504,7263.787216186523,1012.9030344439773,6991.836074829102,955.6206497837994,6652.588958740234,954.1353554609996,6659.796676635742,905.336482160488,4007.2664184570312,452.5751819573141,90.67948913574219,9.449284690383507,440.6739959716797,59.39500535766451,450.7970886230469,65.261780555617,-11.716758,3.488097,-19.035337,4.0980825
26,431,2.02178955078125,7356.525619506836,717.0561308974052,7265.4290771484375,979.0548056231565,6704.488571166992,943.1676214068787,7070.249069213867,1049.4258641901301,7242.204605102539,967.2088232788844,7311.402877807617,882.8266396286874,7039.446182250977,828.0188443917558,6700.231994628906,831.6482792034307,6707.5657958984375,779.6180265802592,4035.9029846191406,383.27312926085295,91.4664306640625,7.565657176335772,444.3866424560547,44.34879457485865,455.34375,49.28764894846565,-11.5436325,3.2515478,-18.608528,3.8494642
26,453,3.2623291015625,6923.08723449707,1067.9763510030948,6844.891510009766,1270.6606235965714,6313.65495300293,1226.3072106221164,6675.3045654296875,1355.7212263448266,6816.079391479492,1297.3580821600647,6828.829650878906,1207.3941321059467,6566.637008666992,1135.0883259005936,6240.874740600586,1104.9738800465407,6249.983963012695,1066.8221686497136,3732.465530395508,568.8786312802371,79.58267211914062,10.035038470669964,418.8747253417969,65.03328445325201,418.8094482421875,71.92685548614823,-11.099555,2.298723,-18.830862,2.8067665
26,454,2.61688232421875,7153.730743408203,761.8255375335871,7084.848831176758,965.2498587810663,6542.423202514648,931.9553046374552,6940.76042175293,1016.0405136454881,7058.926940917969,968.4758606745165,7019.516647338867,931.6949863254126,6745.948028564453,880.0871783248531,6411.182067871094,873.9355356772622,6419.880813598633,829.4167171565667,3840.4083404541016,421.5443969984228,84.50181579589844,7.226139962225096,460.52626037597656,62.92363128518058,471.85569763183594,59.69410067760782,-11.809936,2.7802057,-19.955267,3.1165426
26,455,2.7099609375,7328.24951171875,966.0744312113775,7254.264984130859,1181.1464607341447,6699.176528930664,1140.8737149958235,7097.95671081543,1253.2726872683295,7215.4117431640625,1201.0600314134492,7175.467819213867,1135.5405575007196,6892.959777832031,1070.032205927476,6551.117584228516,1049.9928293175553,6556.747833251953,1009.0045755295259,3923.8912811279297,524.609852248393,86.47964477539062,9.40288564837378,454.04261779785156,67.72359883646878,469.1040802001953,68.71935341760148,-12.404372,2.9371371,-20.835686,3.3411794
26,456,5.92803955078125,7464.39372253418,998.7860912597934,7385.165451049805,1269.120084529398,6813.848190307617,1240.9909413036771,7210.625061035156,1376.4990830479,7324.2369384765625,1315.4947093874305,7276.92041015625,1254.2783703262367,6986.723236083984,1185.5953474572311,6638.628128051758,1177.9788381888077,6641.7364501953125,1123.728143226768,3974.6178436279297,568.8619667579466,87.79988098144531,10.346220938369775,448.54859924316406,73.27940754399103,464.8115692138672,74.53271606469497,-12.577451,2.6292582,-21.081953,3.1769562
26,457,3.25469970703125,7568.408294677734,890.9218252534487,7489.3812255859375,1161.513325657625,6908.957092285156,1138.4353172838378,7306.8604736328125,1265.0159705690849,7428.5108642578125,1203.3500716339777,7395.923904418945,1149.778627504222,7103.480667114258,1088.1094424902508,6750.834899902344,1087.5945474683456,6755.514953613281,1033.5349985616024,4050.5676879882812,517.1890246409988,90.46188354492188,9.6532872941355,448.0821533203125,66.39800128990971,466.7333221435547,67.90643743312823,-12.352403,2.8487525,-20.666815,3.5609896
26,484,3.86962890625,7430.629531860352,926.8738344327754,7358.017776489258,1157.7634050818695,6799.696395874023,1109.3121459567571,7182.705841064453,1227.0324313702301,7333.257369995117,1138.8661565867683,7364.375244140625,1018.1379351295636,7080.7392578125,952.1615942715799,6732.123886108398,939.905469411784,6738.636672973633,894.0317897718985,4021.5804748535156,457.9613024355187,85.60643005371094,9.134755101734642,417.190673828125,46.319306334841386,428.69215393066406,55.314883727429454,-12.2333975,3.3198283,-20.064613,4.0693083
26,485,6.53228759765625,7772.391357421875,805.0986253157836,7709.612350463867,1042.1609387483593,7128.98030090332,1001.3101092261008,7538.160552978516,1107.1845414682664,7669.777481079102,1035.5574076758783,7650.582077026367,947.8624658612949,7345.802536010742,889.7346780169397,6980.206192016602,878.7448515759586,6983.523468017578,837.8779630991331,4170.815673828125,419.7318139529379,89.71839904785156,7.900498593618793,422.68138122558594,44.27257068612173,444.09071350097656,48.04249117898458,-12.559717,3.482283,-20.74161,4.125076
26,486,2.66265869140625,7662.226821899414,710.0723285776692,7588.201721191406,939.7199083519745,7010.893707275391,904.2679599822122,7404.911926269531,999.5483854003495,7551.069229125977,927.4840728700761,7561.673828125,850.4915302063438,7265.846130371094,798.3599785436709,6905.085159301758,793.7984094732695,6910.271911621094,751.4639057573632,4138.044982910156,372.28232438505034,90.79574584960938,6.979792013422889,435.76499938964844,46.21299124959988,453.69708251953125,47.94231389345961,-11.700222,3.3651226,-19.218395,4.1197867
26,513,1.15966796875,7117.878173828125,736.4335336452514,7028.746307373047,1008.402146078505,6493.829345703125,968.8691932044724,6844.298538208008,1076.2131658374367,7034.373123168945,978.4871180588947,7142.684722900391,874.1019183318134,6882.286590576172,817.3577032737558,6547.308776855469,826.1751620021007,6558.677703857422,767.5255118981407,3912.7223205566406,369.67848081914076,82.008544921875,7.429167074434187,415.3594512939453,43.49598542130309,413.3495635986328,49.92290517073319,-10.851704,2.7484226,-17.549627,3.3348236
26,514,3.265380859375,7578.824981689453,665.0683276249521,7511.452301025391,893.3813758913407,6947.141738891602,858.1852972053341,7338.087249755859,948.3526522062149,7497.459213256836,873.0813908950372,7527.720855712891,800.7431168067441,7236.388107299805,750.9508703290729,6878.359176635742,751.5630421071204,6885.064270019531,706.2407828242423,4110.39875793457,348.91821822326904,87.54885864257812,6.949919769731279,426.6999816894531,42.2666573348933,439.6027526855469,42.82834341016075,-11.405288,3.4618394,-18.583935,4.0526
26,515,2.105712890625,7697.128662109375,577.3135960431612,7632.623016357422,794.7702895649039,7061.0059814453125,763.5338655032759,7459.646133422852,841.9674705916059,7617.682815551758,770.3431708770142,7644.819915771484,710.0633328051299,7345.440704345703,664.1714799543914,6981.112350463867,667.0248649087588,6985.831619262695,623.4554382028122,4179.786193847656,299.56845350196687,90.94236755371094,5.486438083306423,436.3954772949219,45.228077339074225,452.5523986816406,42.485484090240384,-10.9575405,3.2820866,-18.006035,3.7743502
71,383,1.5716552734375,1277.988754272461,168.750450606671,1125.0906219482422,237.0289110921836,1087.7325897216797,292.13949285581805,1196.7834777832031,409.193666257899,1380.1290283203125,455.14567686894856,1604.9215850830078,619.3475086631165,1775.9266815185547,698.0156784997075,1754.4366607666016,730.4520403239923,1961.3606262207031,789.5695339837775,778.6483764648438,288.5740673695472,14.384613037109375,2.079143326430805,2092.5322875976562,878.0588023250879,1537.0766906738281,659.952254823126,-17.031303,4.9658055,-23.753593,3.7077205
71,384,1.0498046875,1336.6817474365234,180.672219630304,1204.539291381836,270.58666328289013,1193.4490051269531,346.2313276209752,1328.9678497314453,492.69682143903736,1539.1106262207031,538.7127772944378,1830.8042907714844,726.026437365614,2029.7940826416016,826.8970683769828,2001.6655731201172,856.0559218791551,2227.952423095703,921.6927308197717,869.0889587402344,331.22121367979787,14.814163208007812,2.156645166286167,2297.0045166015625,909.164123815021,1699.5696716308594,698.194868959149,-15.912769,4.9483643,-22.99135,3.8440392
71,412,16.766357421875,1257.4795532226562,193.317982730318,1105.03564453125,273.1040002143518,1075.55126953125,335.1641891026479,1125.5255126953125,517.5852507962124,1305.5844421386719,598.1970263660359,1520.4411010742188,819.3117473769086,1680.9658508300781,927.2607922625011,1658.7685089111328,959.1623864270896,1841.6759033203125,1055.5203085241646,739.4818878173828,404.33840601341143,13.918472290039062,2.7388952521473118,1891.4459075927734,1127.4312239906867,1381.6893615722656,837.7736465911973,-18.418835,5.550581,-23.957548,3.8422878
71,413,24.5208740234375,1289.364013671875,249.41484589276698,1133.8835144042969,339.0989873789197,1123.3588104248047,422.01419791202756,1114.6622772216797,662.404092572669,1282.2303466796875,761.77423528572,1466.1162872314453,1044.7597442178017,1613.563980102539,1187.5626610455029,1566.4561004638672,1214.6430657549568,1732.2411499023438,1338.7373102058168,674.4969635009766,499.1603569409966,13.107040405273438,3.190825546629228,1627.7762298583984,1335.1534209223591,1198.8363189697266,996.5758813519332,-19.299475,6.5134835,-24.359928,4.2392893
71,414,12.7166748046875,1277.7824096679688,221.48222776329996,1142.2451629638672,314.4719434869477,1136.5373992919922,399.9844539736874,1214.7862854003906,630.4154302489295,1428.905502319336,715.3682270148779,1737.0130615234375,1008.2482281236378,1942.3112030029297,1167.2253367780497,1928.6238555908203,1198.5540438888,2135.7681274414062,1323.4257024409633,833.0283508300781,493.7637417015166,13.833038330078125,2.9980948576364748,2052.6144409179688,1257.4884330305078,1467.5937194824219,931.391287769128,-16.97751,5.94168,-23.022335,4.3739986
71,415,3.8543701171875,1231.9591217041016,160.63017766835918,1093.2846984863281,256.2355287839221,1073.801284790039,325.12978039814016,1154.4749603271484,520.4430101093648,1391.2343139648438,581.1186002123296,1842.266372680664,894.6137951043074,2084.5491333007812,1064.0857550674345,2092.4795837402344,1096.0255316850025,2307.524368286133,1202.1201127799106,897.9640655517578,437.68455277337046,13.82427978515625,2.3661959234777594,2112.072784423828,1007.6263343136333,1450.8509826660156,739.9143194001286,-15.284275,4.8369145,-21.691296,4.207821
71,441,15.1947021484375,1247.2066955566406,155.0512936339523,1109.615966796875,233.91899652183466,1083.2547912597656,299.52824208822904,1180.0689849853516,452.8806131968482,1413.5279388427734,544.0229547488228,1737.4071197509766,777.4617940035523,1945.9180603027344,891.1546989945327,1950.1925201416016,925.2466966247823,2165.9559936523438,1020.3724020740032,898.0052185058594,408.1606443994638,15.106369018554688,2.7641004293711045,2218.9072265625,1015.2783384179514,1596.3616333007812,741.0121523344883,-17.195047,4.9825063,-23.16808,3.6405199
71,442,23.4710693359375,1220.705307006836,197.80086543505115,1064.1432342529297,259.7822132409112,1042.3428039550781,327.4763543264141,1026.6628723144531,531.2203369404294,1232.0594635009766,669.0545842923085,1468.3070831298828,996.2028152526522,1642.0399627685547,1159.635070068463,1628.0957946777344,1208.3588006078678,1806.694808959961,1347.1913873682265,738.6507720947266,540.7345419163513,13.4730224609375,3.372241674554907,1664.5641021728516,1295.658292784944,1163.0347747802734,900.7227958130526,-18.95673,6.3995495,-23.731302,4.4935913
71,443,12.7166748046875,1217.1136016845703,192.2498789311124,1065.6150665283203,269.6280781204264,1048.3350219726562,338.7750002544273,1044.5345458984375,554.5268755356647,1269.944091796875,669.2891411679684,1608.9988098144531,1019.7592203661493,1819.2345275878906,1216.6746293008894,1812.1318664550781,1265.2579476931148,1999.575912475586,1403.9343961638394,793.4840698242188,538.2711326234316,13.164657592773438,2.878946478042119,1736.6816711425781,1245.877272420159,1178.7090148925781,853.2752844618884,-17.329283,6.3846927,-22.489258,4.762048
71,444,3.8543701171875,1204.2423858642578,147.70044150524987,1055.2058410644531,239.52542467346353,1034.7090148925781,300.25447974666537,1028.7073364257812,502.7237249186467,1296.2029266357422,577.9418324736513,1860.3663482666016,920.3237197837183,2141.3487091064453,1150.234196441876,2143.7318420410156,1181.195768362514,2354.343246459961,1305.6541788710085,915.5142059326172,473.94683206156094,13.302963256835938,2.3965207137867437,1933.4302062988281,1034.412503677492,1281.743408203125,732.3858131658924,-14.953505,5.119299,-20.711376,4.3545065
71,465,16.71142578125,1284.4915161132812,199.00742825711305,1143.6539001464844,297.43271569183037,1111.408706665039,377.2204318137261,1177.0424499511719,602.546165754122,1349.7713775634766,686.2289821892922,1655.9617767333984,972.8381807706404,1851.2034454345703,1139.4032895639969,1819.4091491699219,1151.4082514615413,1994.461196899414,1263.611330353382,794.5451354980469,482.55567132621644,14.41302490234375,3.4001168667249786,1908.7705841064453,1246.6662059365497,1427.3809204101562,976.4646652298104,-17.099873,5.8527403,-22.626007,3.62967
71,466,9.02099609375,1251.2321319580078,162.16012908308065,1102.3604736328125,247.2213648977067,1063.2660675048828,304.96179279044884,1138.089340209961,481.4339599623919,1396.0363464355469,500.35069673565806,1934.8032836914062,868.6043875089024,2223.604202270508,1099.278282750126,2212.865005493164,1103.770249196464,2443.3362579345703,1199.3835215900008,971.7299346923828,436.5556298097774,15.269256591796875,2.5060982086749775,2193.515853881836,899.0397613314736,1592.615234375,741.5211648190517,-16.833296,3.786848,-22.465591,2.9658642
71,494,28.33251953125,1135.4808654785156,133.14417500578705,940.4894561767578,192.9895237550698,847.8983154296875,237.60331609878014,723.8911895751953,415.08618774873577,756.1650848388672,515.1377453180992,748.7168121337891,726.945612548883,803.14306640625,823.2331262717646,763.3326721191406,842.1396578867768,821.2056732177734,938.8547051217588,329.80345153808594,363.15778062381264,11.300033569335938,2.7826197029027293,776.022705078125,1061.559506159124,592.5603637695312,821.6330245210794,-21.589397,5.696472,-24.416296,3.4364984
71,495,14.45465087890625,1175.313217163086,134.3267453778023,994.8318176269531,201.5358741306699,926.0058898925781,244.60468694750335,871.6582641601562,423.9911865269188,989.2581634521484,535.6142559261417,1186.1649627685547,927.0026148423823,1332.8984375,1117.591751312311,1304.1702117919922,1143.9707805015603,1430.503646850586,1271.9756066912062,565.8590545654297,478.06944937275483,12.6131591796875,2.9890057626694535,1300.1646728515625,1162.467955988776,949.2816925048828,880.6104166499474,-19.752382,5.448316,-23.508709,3.352205
71,523,11.62109375,1149.935043334961,116.16596809016832,968.2697296142578,176.68685829802732,897.9880981445312,231.41624931963216,796.0064239501953,360.60539938185497,942.3116302490234,510.1547187323793,1259.1821594238281,1004.1492160948546,1431.10498046875,1217.2605993231884,1396.7298736572266,1228.7776358426559,1518.6365051269531,1351.7361820916553,591.5306549072266,500.94433388680443,12.611038208007812,2.9180288202911764,1204.957275390625,1063.6706548116847,841.5025939941406,763.0217829159327,-19.438608,5.5944147,-23.056314,3.7340147
71,524,5.43365478515625,1134.107421875,110.89589749686199,947.3694458007812,171.96460177662965,888.6752319335938,215.4492934201097,749.8794555664062,343.4303729680147,894.9911499023438,458.29721218823465,1268.6839447021484,1033.9424153165946,1461.6519165039062,1283.23191855252,1422.3240661621094,1307.3001684386884,1545.0786590576172,1441.2614953330203,592.1535797119141,524.2022614830192,12.062103271484375,2.421450440625476,1078.1318054199219,990.0902767555423,695.3404846191406,675.2815546015003,-18.664753,6.237481,-22.03862,4.243539
71,534,6.3873291015625,1394.5794219970703,201.84540627164813,1207.3966979980469,262.72358940067284,1140.2149810791016,305.8575078799267,1175.8567810058594,404.6919619940301,1381.7325897216797,367.5294619968755,1743.2136993408203,536.434532446434,1891.673080444336,637.3694365805113,1821.0735473632812,630.5078891136765,1997.8260955810547,685.5059937620483,667.7745666503906,206.99665754071378,11.291519165039062,1.4577773640088154,2035.2364501953125,530.5107488086919,1572.1787414550781,435.41012567745713,-17.844902,4.0705247,-24.208822,3.6946406
71,535,6.390380859375,1409.6962432861328,235.5515697123323,1225.6148071289062,311.0708082292665,1198.89697265625,348.98183361876204,1198.4569549560547,517.925373262827,1473.846939086914,435.34980662299387,2259.912643432617,1071.4710266559662,2553.304962158203,1426.179663667973,2445.567611694336,1393.092619109172,2678.897720336914,1511.7587509415216,871.8346099853516,437.72783266798604,11.373779296875,1.4887779188060608,2065.2972717285156,562.6424010092511,1512.8437957763672,523.1911747240226,-17.530863,4.2287474,-24.122738,3.972421
71,563,6.3873291015625,1563.3894958496094,212.9662018132466,1411.5729064941406,281.0183828633865,1375.6870422363281,332.7057266929499,1465.4322204589844,442.4214441072931,1583.8372802734375,429.507264272466,1801.158447265625,466.3188870539908,1907.2077178955078,493.3571594327524,1806.39013671875,477.4912661245496,1961.7030792236328,512.9137996540239,650.3515014648438,157.4624657274869,11.260635375976562,1.4389804661093366,2023.8058624267578,531.7348476127037,1678.4115142822266,451.8704640752464,-18.580132,4.7765718,-24.275135,4.036988
71,564,6.390380859375,1556.1353302001953,213.68639864218682,1407.568832397461,277.6000408990773,1386.7362670898438,326.5552142868202,1491.353744506836,430.9044293105127,1667.6366424560547,407.28633221381847,1953.7027893066406,479.03813205849974,2082.6918029785156,523.7071655680123,1972.1874694824219,514.0365587695854,2152.5833129882812,564.0743889836136,719.2790069580078,180.9678542684597,11.650344848632812,1.4926918129220703,2102.3359985351562,553.4697421012595,1720.3493194580078,460.4248546879472,-18.809946,4.1533303,-25.13665,3.2497792
101,730,3.2440185546875,1461.8497467041016,410.1319060754727,1227.5536041259766,541.1610833296166,1066.3476257324219,590.0762864322464,785.920654296875,772.3257092383682,767.3758392333984,813.5540793246109,799.9750823974609,970.5976445795727,839.1327819824219,1070.2578378814517,795.2122344970703,1061.3440128163502,832.9854888916016,1157.1175421695425,305.58799743652344,380.2105577370296,10.096725463867188,2.4555181440050724,692.1557464599609,1088.668789403592,512.9680633544922,799.729010100231,-12.339687,3.576581,-23.022017,5.735134
101,731,2.7313232421875,1661.5601348876953,530.3278387582703,1456.6520385742188,733.0027151131677,1347.4201202392578,781.071473623905,1214.4063568115234,978.1615402996496,1304.2244873046875,987.2089828841654,1543.047607421875,1170.2301949312352,1685.5218658447266,1292.7181899682223,1620.3648376464844,1295.0672930858789,1756.0300750732422,1392.048956973231,625.5812225341797,442.59742162072297,12.22564697265625,2.768958565857242,1578.1564331054688,1286.4295136141093,1175.7618103027344,974.094373449779,-10.589361,4.466019,-18.70355,6.509847
101,759,9.98077392578125,1461.6802062988281,400.4006985349328,1228.1159057617188,522.4014144770214,1063.4206085205078,568.8396827220968,780.4089508056641,735.7956095043673,767.4008026123047,777.2991391792253,792.2620544433594,919.548607288563,826.8207855224609,1008.4457879169555,782.3071899414062,999.6474950268915,813.5839996337891,1088.9981729762337,299.51837158203125,356.80714434413204,9.95391845703125,2.331258488421033,659.7483215332031,1009.5042118010372,482.8210906982422,724.9306644858501,-12.767933,3.1961205,-23.375216,5.0294805
101,760,19.17724609375,1659.4347534179688,473.63892043428916,1461.0490264892578,641.1093333665324,1346.5821685791016,686.7926154982408,1205.2613830566406,863.406178783183,1281.0696258544922,871.0719362748096,1468.6637115478516,1019.406267644186,1583.2169952392578,1119.5002201048462,1521.2132110595703,1117.6070139723006,1634.1554260253906,1207.7835203864822,586.9997253417969,385.8929603283523,11.959243774414062,2.5218834106500494,1466.8821563720703,1137.6379389429128,1106.7461700439453,868.1990791635669,-11.13687,4.2801375,-19.52939,6.184407
101,761,10.12420654296875,1659.296157836914,327.75338561502724,1453.3318328857422,484.61598910940376,1353.173568725586,513.1444415318128,1274.6187438964844,637.998518292551,1398.475570678711,618.1865962629764,1656.9837951660156,747.630659938632,1806.6125030517578,830.9016231555902,1735.3767852783203,851.0208843016693,1880.2233581542969,898.8497884388494,671.9275360107422,273.54989416820126,12.771209716796875,1.9569475035632558,1693.8654327392578,895.3818326926735,1319.8634796142578,750.4735608770245,-10.332831,4.185402,-17.531284,5.461699
101,788,6.73675537109375,1383.3323974609375,98.91204757625226,1144.6561584472656,137.47446583947834,956.0999298095703,158.89101069608805,608.3190155029297,217.95787864014238,562.3363647460938,268.09141704178523,527.2556762695312,379.4072127241985,528.3390960693359,434.23853436234725,494.2426452636719,436.4875022865245,485.65867614746094,472.5918539862959,184.91873168945312,147.49380817231832,9.304702758789062,1.1916200538803348,333.97557067871094,387.22568265468016,248.6085662841797,281.38985876832663,-13.66462,2.5483897,-25.028397,2.798542
101,789,18.34716796875,1510.738540649414,125.28757112143633,1304.0121002197266,195.43811184982204,1162.722412109375,227.19950750999715,907.3639221191406,343.1930924789163,915.5012817382812,395.608694037942,972.1517639160156,591.6379436000647,1027.7852783203125,694.0189653211293,983.2189483642578,696.9555918893873,1024.5508880615234,775.3715310964595,372.44065856933594,251.3138130864044,10.580673217773438,1.6747633158047526,842.0789031982422,717.0003464296699,642.6021881103516,569.9618625082209,-12.69254,3.62308,-22.825958,4.567785
101,790,17.4072265625,1570.4908599853516,144.30483683267806,1373.3782043457031,245.1367400638849,1261.967514038086,273.88531906034376,1071.5839385986328,401.40066318454836,1104.0299224853516,441.3826710779564,1196.413330078125,637.8643056576942,1281.9038543701172,738.0813518561486,1226.9470520019531,747.9311052333051,1304.0288391113281,825.4295863591018,472.32981872558594,269.3203156152167,11.484207153320312,1.8324337178011043,1153.589096069336,832.4755038648493,910.8156280517578,691.4928201368456,-11.634741,4.003575,-20.706696,5.2072988
101,791,7.83233642578125,1619.9681701660156,156.888357016791,1427.7861938476562,283.2637580607149,1327.0615692138672,313.1694725527119,1205.6163940429688,446.46635794086814,1270.7812805175781,479.97853461390156,1412.7698364257812,663.6817586610075,1522.8850555419922,754.7897492473645,1463.99560546875,774.9561463258723,1574.1252899169922,839.4340411999116,580.2203826904297,281.2615018267934,12.536819458007812,2.1530885545201714,1532.8914642333984,938.9535091130834,1249.8165588378906,800.6237190198965,-10.147544,4.0997467,-18.507961,5.3330545
101,792,2.0355224609375,1659.8559112548828,150.5159133340334,1460.3668975830078,299.4415759371323,1364.979248046875,327.51399179583456,1300.3234252929688,442.4577569774955,1420.9375305175781,433.44000836164207,1704.5803527832031,576.2560705016583,1859.3825378417969,658.014915526559,1797.1265563964844,694.5720402499685,1952.9770965576172,722.0741113326279,727.9416351318359,230.42021316747517,13.476699829101562,1.8500472630377862,1944.8311614990234,770.6802320828796,1599.9918212890625,679.3593950305053,-8.196365,3.8658984,-15.6437235,4.7585855
101,818,1.9012451171875,1469.2830963134766,98.89591322568361,1257.1226043701172,178.90708437791096,1131.8350524902344,211.57829595488874,912.8995666503906,328.63084374381714,964.4375305175781,401.32851471706465,1106.795425415039,619.9229077834385,1218.6477966308594,756.9047631048404,1175.7392578125,761.7796407196614,1250.2730255126953,860.7265882563181,449.0999298095703,287.84143004667243,11.156219482421875,1.9103943843564322,996.4045562744141,822.0018768753147,741.2123260498047,637.9650817987833,-12.723999,3.5677285,-22.514334,3.9917848
101,819,7.28302001953125,1520.7432861328125,136.7097639371602,1317.0177154541016,244.32343001161834,1218.212875366211,271.4607728942311,1061.2820892333984,384.60949608373994,1149.1974487304688,413.6057766518973,1348.0450134277344,591.9748502133099,1498.659164428711,710.6618746676492,1446.3354034423828,724.3426433402881,1559.2935485839844,812.3070960598641,556.7910766601562,267.93984485086213,12.156982421875,1.8744667407534894,1312.3247375488281,846.3691344293657,1003.3291168212891,696.6895075733216,-11.421663,3.9394386,-20.716394,4.013213
101,820,7.0831298828125,1570.1504669189453,137.64129233155805,1376.218505859375,244.7558647597458,1284.8213958740234,270.9827049462477,1157.5787048339844,403.1403211803658,1244.0488739013672,438.7341553082814,1428.3672943115234,631.3484742944552,1560.7604675292969,733.4034983786278,1505.9338989257812,749.178301946509,1627.0534057617188,829.3431586409472,594.3923187255859,275.62809708339506,12.742630004882812,2.0346648739978206,1532.3345642089844,922.8182744024873,1207.4697265625,772.5503808039927,-10.230072,3.9032598,-19.46878,4.2130046
101,821,1.70135498046875,1580.7775421142578,124.97793846981105,1376.0464477539062,218.12951804525446,1282.6893157958984,236.90240449337838,1168.8965759277344,365.16618972049525,1286.3923034667969,392.6028823792955,1579.1121826171875,601.7675987016826,1731.4222259521484,704.4292313322522,1675.8609008789062,731.5018352240153,1822.5436248779297,791.5803618251535,672.3273773193359,252.50401206636946,13.117965698242188,1.8530906107936738,1741.4841766357422,820.5539862334443,1383.1858673095703,697.4896447395437,-8.865683,3.9244907,-17.195293,4.472891
103,237,2.178955078125,1269.0554504394531,146.77083243484688,1054.871337890625,230.05238545541673,990.3845520019531,316.5179984116041,1081.7790069580078,407.3791276029412,1328.1993865966797,386.9681920351628,1668.9851531982422,372.90365543786646,1853.0764617919922,376.0170064661481,1856.5027160644531,375.85705165333144,2044.706558227539,376.9854080618505,1107.4586334228516,165.26111429695,21.301025390625,2.5391687811102064,2193.4495544433594,447.5837338534838,1376.9649353027344,380.84852579542047,-13.404929,3.1010435,-21.031923,3.319064
103,266,12.24822998046875,1353.0437622070312,229.70599297397587,1173.9856872558594,353.977722772518,1154.8075561523438,485.53080287059674,1285.8129272460938,612.8061373521327,1489.7030487060547,568.0884272559261,1762.0488891601562,508.22325790250255,1912.9222869873047,494.747988013274,1883.38720703125,475.3668215434563,2042.3421478271484,462.08829514967385,1098.5494384765625,199.42683158108352,21.843276977539062,3.166900005250268,2182.665512084961,577.5350427432713,1440.2023468017578,519.4794978288714,-14.449005,4.67314,-21.850006,3.8038461
103,292,8.0841064453125,1377.1021118164062,230.9811889343726,1210.0671844482422,367.5990556604518,1235.4705810546875,573.356388423253,1392.1925201416016,725.6311713059423,1591.637924194336,716.9104251139557,1827.2388153076172,729.687095816997,1979.633041381836,742.2956052231706,1944.6055145263672,716.6401140996114,2109.972381591797,726.5560368917289,1115.2791442871094,337.64423741986474,21.9412841796875,4.310921751659314,2418.2841796875,878.1941736217644,1691.123062133789,761.6700650357449,-14.403285,4.7278905,-22.242687,4.7285285
106,32,4.12139892578125,1215.5179138183594,85.7943401834473,986.3849945068359,130.8225150514652,926.4354400634766,174.23248837222602,860.5985870361328,299.7861224664467,1104.117172241211,324.97861805307497,1837.2191009521484,525.8832903126425,2118.6707763671875,628.8481296497953,2063.402359008789,635.3049457325149,2293.055953979492,707.6131900441785,861.0822448730469,258.5875134580092,18.382003784179688,3.904029711311389,1873.6232147216797,667.4505358143074,1262.4803009033203,532.0476181771155,-12.710028,4.548747,-18.850311,4.709968
106,33,7.55157470703125,1289.5984344482422,127.46308137032155,1083.8380737304688,194.4068086710608,1034.9354095458984,252.3880128673563,1039.1227722167969,404.4052826460862,1230.3550872802734,434.6250705628121,1746.4947662353516,612.3063266052225,1983.2439575195312,719.3178554780787,1926.4192962646484,724.5603013743764,2146.5460205078125,812.2885648045526,772.1610260009766,283.3011528536378,16.943389892578125,4.7558108097197325,2031.391372680664,858.0644586237273,1457.246597290039,684.6674213370234,-13.642278,4.6732645,-20.118612,4.753282
106,34,3.43017578125,1335.4798278808594,119.84242312384619,1145.0257873535156,194.39058702463433,1107.3701477050781,252.69304636235128,1155.1519622802734,385.86907777696166,1351.5825500488281,383.94090311772806,1846.0872650146484,426.88082576915224,2086.800994873047,491.2677028671412,2031.168685913086,500.58893568919655,2270.5111694335938,555.3782049453507,787.2129516601562,174.18177009289448,14.641616821289062,3.191316969857406,2316.745147705078,650.3566814464701,1680.7066192626953,540.7412739080935,-11.607645,4.309427,-18.355854,3.9833868
106,216,3.31573486328125,1303.832046508789,101.48907670016483,1113.9168701171875,185.38882590669593,1072.4690704345703,277.6873929392811,1149.1468963623047,506.8167070175932,1320.2549285888672,612.3145014901814,1683.943588256836,801.8505615358553,1889.9420776367188,927.0405884954541,1848.943603515625,946.8597392311895,2083.5074768066406,1075.8560611521766,673.4589538574219,329.873608691217,12.050491333007812,2.4908460467502618,2168.4386596679688,1139.9804575895562,1450.1871643066406,762.3448424146013,-14.2373295,5.0812454,-21.04636,4.910862
106,217,2.783203125,1294.2421264648438,92.65738629161824,1095.5243377685547,172.0983840955742,1052.1330261230469,255.98335278380753,1111.7842407226562,465.0877862764617,1302.091323852539,541.9161951290371,1735.2426452636719,679.4107887641652,1948.5055236816406,780.6144856193087,1897.6489715576172,794.888974534051,2136.1608123779297,898.535681712418,683.5697631835938,263.9100933451132,12.059616088867188,2.1073633345263443,2201.5870513916016,933.8491468898543,1477.3650817871094,636.4418880793879,-12.335467,5.2747464,-19.233774,5.0322785
106,245,3.31573486328125,1273.3809509277344,101.77501168072328,1065.8547821044922,172.6563415123347,1002.7736053466797,261.3904771344944,1058.3112182617188,454.8061106368164,1250.6387634277344,572.2925908493818,1644.7497100830078,792.1807285935336,1862.0740966796875,926.6939261945465,1837.9614715576172,953.81075501697,2082.9830474853516,1090.1909026104597,692.5731811523438,349.3613981112139,11.9619140625,2.5290515913280855,2159.060317993164,1166.6077926059143,1411.7359924316406,757.4801341068987,-15.048867,4.563064,-21.61314,4.6213365
106,246,2.783203125,1273.9994659423828,105.36084692859431,1069.0398864746094,186.23934270024878,1006.9949340820312,283.9726603691444,1063.3996276855469,499.94021743054446,1238.5045623779297,613.3369634406463,1602.2155456542969,815.9623896327562,1800.9164428710938,945.7964839815996,1766.9344787597656,971.1688002306497,1998.007064819336,1103.9337143675339,640.7781524658203,327.5410146771798,11.496368408203125,2.2833330590205234,2007.4270935058594,1104.4320394324523,1313.2142639160156,720.1379924072248,-14.283234,5.3159432,-21.107916,5.1676188
106,274,2.16217041015625,1275.9219970703125,95.73295734407137,1076.3308563232422,165.73704968626546,1024.1783599853516,260.40487475044455,1127.9327392578125,455.7156372092016,1359.941162109375,562.6268848742199,1807.366928100586,757.763276827193,2062.6295013427734,890.5916751828186,2053.7684478759766,922.4170914540971,2341.7399139404297,1059.0216549384422,776.2842407226562,335.3137336965956,12.564361572265625,2.3670860477698623,2393.327850341797,1112.1977716930023,1512.3365478515625,693.2974206376643,-14.763166,4.24864,-21.406874,4.4177604
106,275,5.8624267578125,1246.6292419433594,109.27128406461348,1030.6128997802734,192.19159249384273,947.9373168945312,305.5110015261223,996.8830718994141,530.712986866739,1166.165542602539,660.33701035139,1506.1387939453125,889.3582091217446,1698.690689086914,1037.7329843511188,1676.3825378417969,1067.550790674811,1902.1305389404297,1221.5752541684324,614.5064544677734,371.680905173833,11.328353881835938,2.4942902106693765,1888.2837982177734,1234.8637232702163,1206.0621795654297,777.9835086596453,-15.54767,5.156211,-22.382376,5.141479
106,276,3.70025634765625,1281.8275756835938,80.07510070558394,1071.0819091796875,151.59373189763457,1006.8159027099609,242.71120745150537,1058.2346801757812,435.73646417792213,1253.2683563232422,518.5547394864814,1698.0010528564453,668.8415873612203,1912.7139587402344,777.4359480094175,1877.858642578125,805.6854887346434,2123.879592895508,912.953938009501,674.7603302001953,269.7864203841525,11.884857177734375,1.9624975596153824,2186.4835510253906,899.6245974941119,1446.6036071777344,584.1707751549145,-12.793663,4.680471,-19.525043,4.587001
106,277,4.95452880859375,1279.1014251708984,81.00798191508795,1046.6697998046875,136.258747595155,963.9077453613281,207.42861652726143,943.4719085693359,330.01842970470335,1112.522689819336,385.14634697945326,1567.7386779785156,540.0944974175655,1754.428695678711,619.2113774488324,1705.5798797607422,628.1771329839154,1912.8784942626953,701.2001217265855,608.7008666992188,204.72223493859366,11.7978515625,1.7979953092995498,2141.329345703125,797.9908990690208,1490.4200134277344,564.0366893861873,-12.307847,4.4788685,-18.987795,4.4892526
106,278,5.15289306640625,1241.4052124023438,93.72034957386191,1002.0938873291016,147.11246891823697,892.4186706542969,221.22635242410752,830.8350524902344,324.73028300013584,961.8066253662109,393.4877292675799,1342.924331665039,598.4839447055564,1495.1451263427734,684.694252006116,1457.6112823486328,695.5658645039051,1613.3173370361328,767.0699603997468,515.6699066162109,222.2557776023836,11.12725830078125,2.0096381298066808,1849.9952087402344,942.8287668475159,1290.5794677734375,671.7280428414533,-12.905793,5.3781734,-19.71791,5.4102273
106,303,2.22320556640625,1325.0809326171875,82.68416230455036,1167.95458984375,160.73590533266992,1171.5624389648438,252.3846745216653,1410.708480834961,477.22056261841766,1692.8583374023438,547.3909092576434,2202.054000854492,660.0271463983215,2533.068069458008,780.0166777890854,2548.5738830566406,827.7112806315683,2924.7302856445312,953.1342827939437,946.5433044433594,293.70414481433806,13.674728393554688,1.952942120990513,2869.3087615966797,923.8374827024174,1741.4940490722656,537.8897469537011,-13.993587,3.7195828,-20.981249,3.8319476
106,304,22.32666015625,1240.5420532226562,126.98206822122309,1031.0876159667969,225.75339735849235,952.6295013427734,363.12083863748563,1037.3856811523438,649.3069051103449,1207.9451293945312,806.880869326214,1532.4650573730469,1064.344176577443,1745.1163940429688,1255.7535492576474,1744.4002532958984,1302.3193993531133,1991.029525756836,1510.4025450561164,644.6683654785156,474.4801999213677,11.4755859375,3.0204910785989743,1904.377212524414,1480.880818714315,1156.9557037353516,874.3697979255064,-16.633816,4.819908,-23.742922,4.9684353
106,305,32.0404052734375,1211.3858184814453,117.28631573243587,960.9459075927734,187.114665620434,833.1757659912109,292.0017725316307,783.6470184326172,473.2790734031787,894.0766143798828,595.408379570797,1175.4299774169922,850.0219248797533,1310.1819763183594,988.0364490978798,1275.9107208251953,1002.5020259589563,1432.0092010498047,1145.557685331709,454.23492431640625,341.09737156269847,10.465667724609375,2.551151366896842,1452.196762084961,1213.2959534694978,973.7776031494141,808.3282016175368,-16.096258,5.527658,-23.034481,5.842423
106,306,32.04498291015625,1205.701171875,117.06755917722316,949.2340087890625,180.76836470769885,815.6856842041016,275.2134723428757,740.8061828613281,426.20700674638334,838.7158508300781,529.41301822738,1109.2114715576172,771.0575417170816,1228.0204315185547,886.1433128169805,1189.8700256347656,894.0569867644064,1326.0797424316406,1010.1146339194547,420.8378143310547,296.89846620683295,10.235824584960938,2.4933331854219642,1431.6988830566406,1160.1394682193118,989.3974304199219,805.6413186612375,-15.45703,5.366621,-22.583698,5.866036
106,307,21.5545654296875,1200.248291015625,103.0783112090428,950.6322937011719,163.8357929091551,812.5369262695312,243.19724185780075,724.64404296875,361.07115241914465,822.4781951904297,445.90627338645936,1108.5583190917969,670.0507424239288,1227.7857513427734,769.120218657196,1200.5676574707031,785.2224684646975,1322.3651733398438,870.9433925963111,423.75453186035156,257.9071804173868,10.310104370117188,2.316991615823908,1498.3329315185547,1073.2020470112868,1025.357177734375,744.1103571106372,-14.377077,5.459151,-21.530203,5.8826966
106,308,1.446533203125,1246.7830047607422,62.803114230782334,1025.349838256836,115.84751184222678,927.5780029296875,169.64425845579794,884.318115234375,258.3068085583877,1053.0246124267578,283.30862542732166,1521.1621551513672,395.43583071393607,1705.5951538085938,451.4482403464056,1681.334213256836,463.6642042187308,1859.9709014892578,504.00789599075296,596.3664855957031,145.65505593997244,11.728195190429688,1.5552043588039752,2091.4025115966797,612.151658622847,1411.7679748535156,436.54311217940943,-11.54132,3.7348053,-18.181889,3.723046
106,333,19.82421875,1315.0157623291016,156.71070521229842,1151.7772827148438,262.2141575561659,1138.6902770996094,395.0273656177021,1359.3208770751953,662.2691641543743,1590.5926055908203,787.664819100218,1998.0456085205078,1009.6146761922962,2294.756805419922,1189.8830400319862,2314.0465393066406,1237.1713156342316,2657.8648834228516,1437.447014661992,839.6962127685547,443.4048367540628,12.816329956054688,2.899916874400659,2489.1908416748047,1382.0266893635842,1501.5636596679688,847.9555460813166,-15.273162,4.598186,-22.48428,4.595645
106,334,44.21844482421875,1256.2735900878906,208.60531688032114,1026.5881958007812,316.2184965276506,920.8243713378906,456.09831707982613,929.5609436035156,698.3951810160517,1018.6106414794922,803.4746888095077,1225.2083282470703,1019.4621276608158,1358.4296875,1172.6363432713447,1326.2971649169922,1188.4523472889566,1486.7226104736328,1360.204747418617,464.39678955078125,402.5958730662259,10.750091552734375,3.135624029302865,1482.5278778076172,1418.2685130431146,1018.8159484863281,1000.734895308457,-16.892681,5.3894043,-24.260069,5.557352
106,335,43.2373046875,1212.0040740966797,169.74743587089762,959.5627746582031,252.56337608164858,822.7563018798828,361.78847125412,750.948486328125,534.1984356583405,825.6813659667969,615.5480242450952,1034.310287475586,814.4302958928066,1136.7041625976562,926.6345457595601,1101.8556671142578,934.4198551315086,1217.0935974121094,1049.3984488552185,383.3975067138672,305.99214604969995,10.084075927734375,2.6884557871807386,1281.33935546875,1203.2593223436334,903.7300567626953,872.727213250905,-15.948396,5.4790325,-23.392185,5.9463544
106,336,20.03021240234375,1219.7194366455078,96.05809490652169,984.1295623779297,163.40189467144546,868.9117126464844,244.62685509897855,801.6737518310547,363.153947610428,940.6350555419922,441.0408243088411,1314.8853759765625,642.5100587399675,1468.5906677246094,737.5612382428119,1445.275650024414,754.6877040204813,1596.8007049560547,837.2020651991646,507.7661590576172,249.44900160853854,10.892669677734375,2.1446950305784696,1716.0769805908203,957.1275098164817,1162.9861145019531,661.0828319753023,-13.350483,4.7525754,-20.234423,5.299674
106,337,1.2481689453125,1263.0613555908203,51.696614216064106,1049.0421752929688,106.02674869587439,968.3931274414062,157.34390814411233,934.8684234619141,245.1187064325296,1125.8112487792969,250.75002242866637,1640.3190460205078,292.26113471146834,1842.1988830566406,329.59183829855374,1815.5560760498047,344.3903432965508,2011.4337921142578,366.0514670018431,644.3809967041016,99.14107179313595,12.134857177734375,1.2248578188423112,2206.8419494628906,428.4858127753637,1495.3436584472656,330.0554619190126,-11.375083,3.2424755,-17.828575,3.0300822
106,362,3.3599853515625,1423.3865661621094,182.18061597253853,1278.9651336669922,278.4696009519422,1297.8065795898438,358.6557790808423,1532.3988494873047,533.3785032015345,1762.285415649414,574.3545705163657,2214.811996459961,714.3286008661466,2521.139938354492,834.5886480114301,2506.2291412353516,872.0374526982649,2861.370819091797,1000.5571930372653,869.0090637207031,292.1238850842167,13.311233520507812,2.1487172043857354,2718.8506774902344,975.940013923878,1771.0061492919922,682.3967854856986,-13.482479,4.2988434,-20.459688,4.151115
106,363,15.8782958984375,1370.203598022461,206.10926011604744,1187.5471954345703,320.329135429884,1156.40185546875,446.01575638406126,1276.752456665039,679.828044120362,1425.7338104248047,753.6018880172822,1754.2108001708984,939.3375962195722,1963.2202911376953,1077.9173633746982,1926.7666931152344,1096.251183223544,2170.5020599365234,1246.386931748015,659.2605590820312,358.3899616822429,12.189422607421875,2.7930712059208895,2177.3182373046875,1277.4191818612933,1512.830078125,932.4777443835319,-14.477301,5.097819,-21.775675,5.1766324
106,364,16.1468505859375,1303.6783142089844,159.79305952467323,1095.2367095947266,244.77332793783728,1025.6656188964844,347.76985227789504,1057.0675659179688,525.0649429236214,1210.7362976074219,579.7058132411889,1575.8271484375,726.1598549966888,1760.7951965332031,827.6080984001266,1732.925537109375,844.3731315958838,1932.126937866211,947.3830762318653,598.1566314697266,273.03329513960506,11.94207763671875,2.3574926741808317,2063.471221923828,1045.1760443338535,1437.9141235351562,763.0403019640413,-13.207745,4.7535963,-20.31361,5.042921
106,365,3.6285400390625,1276.4959869384766,63.87791396743388,1068.6266632080078,123.45353847598814,998.6215515136719,185.39081799633084,995.3227386474609,290.565427591986,1191.8070831298828,319.39737530054487,1675.4169311523438,392.03846800655907,1883.1002807617188,447.52639435152713,1864.2412719726562,470.9127058220367,2070.5013885498047,515.2603267114011,654.6489105224609,144.57921737713485,12.320205688476562,1.4122781150658015,2265.8809204101562,569.7058774621553,1543.4231719970703,407.7941050608264,-11.732857,3.4424245,-18.261137,3.343606
106,439,6.41937255859375,1294.8820343017578,135.43717558703537,1064.848876953125,231.39724538040034,973.4373168945312,342.24538203951164,987.7288513183594,556.0865477251828,1158.6155395507812,666.782487981124,1551.5205383300781,920.3061019709709,1768.325439453125,1087.3883751349897,1732.1731567382812,1107.589282575173,1970.40869140625,1281.5890048704882,600.6720886230469,366.30884818590596,23.828460693359375,5.339767389145664,1784.2438201904297,1262.2361863412132,1152.7281494140625,837.588943711518,-15.364918,4.974774,-22.293364,5.2685623
106,440,6.4910888671875,1284.0644073486328,126.78506635558512,1054.7574310302734,223.6794285776308,964.6313323974609,339.0375547424314,977.871337890625,544.9019461958585,1158.0025787353516,677.0749882712367,1540.1630249023438,952.9522486588227,1752.7273254394531,1125.0757104875224,1720.5681610107422,1149.4187341101217,1954.7852020263672,1326.1496260749243,605.2408752441406,388.1331598240424,19.031204223632812,3.756754958069818,1726.0420379638672,1251.5783503940415,1097.1768035888672,809.6998792425788,-15.021825,5.298727,-22.045338,5.4738064
106,468,5.79833984375,1358.7308044433594,171.21722538879163,1148.1947174072266,276.24647303505276,1096.997329711914,389.5240246344321,1130.943130493164,581.0472663529155,1334.596435546875,643.8256786064808,1819.292953491211,842.4324347649193,2066.97998046875,980.0365708493973,2014.5525207519531,985.7811749988174,2279.462615966797,1123.1137251055222,704.205078125,326.8542838889769,26.818710327148438,5.269930977410028,2156.2600708007812,1200.2491741204005,1467.8925476074219,898.3376330477494,-14.201049,5.21913,-20.935326,5.433281
106,469,5.87005615234375,1346.5383758544922,161.06219614954495,1137.9272918701172,260.6012771910584,1085.58251953125,372.332100483085,1137.6393280029297,554.7371487710406,1347.9564208984375,640.7078925689377,1798.0075378417969,867.6464355905214,2043.4447174072266,1014.8655434813472,2003.489242553711,1030.1260135372338,2272.5955657958984,1179.258573134005,705.729248046875,344.1433684042482,23.0338134765625,4.546772760703424,2112.1983184814453,1185.9187543644587,1416.3253784179688,856.5570033501916,-13.807985,5.5560565,-20.726719,5.599608
112,57,5.5999755859375,1368.8858337402344,100.12669021060256,1124.9695281982422,129.94051937896117,1031.4354400634766,157.86675945153698,868.1473541259766,207.3051861774877,1003.8068084716797,239.6659161375761,1311.812484741211,769.6980765653336,1504.0104370117188,987.9326015052337,1398.542984008789,1003.7334621252901,1583.3858795166016,1161.7560148729415,334.9061584472656,222.32327641192782,8.756256103515625,1.5971950501303807,930.9743194580078,651.9487174499432,575.5189819335938,335.659586179187,-17.138771,3.9258802,-24.986017,6.2398386
112,86,4.730224609375,1324.548324584961,86.67887869264447,1080.7284851074219,117.58625495304227,997.0723876953125,149.92227970002077,832.7708129882812,221.60000824398355,1052.7844848632812,295.47163536567643,1618.6796417236328,856.2548029550475,1903.4924011230469,1098.5466400525393,1807.249282836914,1115.6057021816755,2065.263397216797,1279.7786934704068,437.0093231201172,244.4680487946497,9.5325927734375,1.9308510450044176,1265.5363159179688,803.688465109279,726.8969421386719,421.9619597866695,-16.191545,3.9872615,-23.202236,5.9495354
113,528,1.7822265625,1336.6678924560547,151.4384442499328,1068.6759338378906,236.04015188144234,902.3623352050781,296.94788065090216,671.3212585449219,414.5675170580609,715.0478820800781,530.3578905145439,914.5068969726562,877.5248185683458,1020.2881469726562,1039.7086928826723,961.5780944824219,1038.5148658207286,1083.0484161376953,1192.3432635190757,254.15858459472656,246.9072854813188,7.4416046142578125,2.304841496638575,794.9088439941406,1009.1339527466562,502.01084899902344,646.0460901416053,-13.058708,3.952097,-21.956049,5.3567343
113,529,3.23028564453125,1510.358413696289,315.32656698242243,1283.626724243164,478.3977417863086,1163.5104064941406,548.1584721178234,1034.020751953125,721.0531579872119,1127.102294921875,753.5108493787279,1418.1383819580078,987.5598854778373,1576.4834289550781,1124.2920065767184,1496.659439086914,1121.3944994438345,1697.9181823730469,1266.8556672711334,385.76292419433594,256.1249185468942,9.052093505859375,2.670481615301424,1473.2174072265625,1222.0819667315147,991.2915344238281,858.5460419164737,-11.444893,4.4605927,-19.780392,5.530608
113,530,1.44805908203125,1569.5194244384766,369.03858748624583,1359.1066589355469,557.8560408489053,1239.4353942871094,651.2629855330098,1152.5282592773438,868.3192670223176,1195.4186401367188,893.5067077298627,1357.4717559814453,1063.6225194672459,1469.0727081298828,1177.5942459685384,1379.286117553711,1161.3172121502707,1553.0374755859375,1306.1811161957112,353.88392639160156,260.3468370383018,9.360610961914062,2.853559556304017,1510.8825225830078,1373.5505897058927,1083.3159484863281,1011.5360581610528,-11.666258,4.6935334,-20.505184,5.574481
113,557,1.7822265625,1255.9665222167969,102.66980612234042,969.2333526611328,150.25419818200027,767.4624786376953,189.14340331140184,471.99847412109375,265.0131734156877,427.86280822753906,339.61585038803713,427.18385314941406,546.6661854374023,441.6747283935547,644.803838749493,393.5063018798828,641.8723797191093,422.70465087890625,738.2607993945669,114.11598205566406,153.77229712700046,6.208465576171875,1.6544891477067636,267.9849090576172,654.7987275704298,171.31491088867188,418.78303738883517,-15.042015,2.7671554,-24.733288,3.5331693
113,558,3.23028564453125,1297.4574279785156,191.6859779647858,1019.9146881103516,266.2716863125337,829.3849334716797,322.7575744232576,563.3749694824219,443.10071053590997,534.4871826171875,502.52990271167556,556.8431396484375,689.6709283657794,584.3848114013672,790.641469694376,530.0671997070312,779.3816997621516,579.044677734375,891.4192415004184,147.26805114746094,183.65150928808697,6.594451904296875,2.0209675996775824,439.22889709472656,857.2011091191719,301.8920593261719,603.7000934254821,-14.389212,2.9305058,-24.273438,3.9580715
113,559,1.44805908203125,1370.229507446289,291.15860453063317,1117.3948669433594,415.5647030545588,956.2573394775391,508.67638362059034,743.0251922607422,709.8313701771992,734.1314392089844,756.7155878886828,783.5717315673828,925.4658183358523,834.8000335693359,1034.623519068219,768.7733154296875,1011.728632555905,849.6628570556641,1147.4781591648243,201.86428833007812,228.5878033372295,7.23870849609375,2.489913871185891,713.9855804443359,1145.7129788786149,500.27081298828125,827.3644636513341,-13.467903,3.7793953,-23.10595,4.933937
113,616,2.18505859375,1218.8907012939453,59.93903102644832,930.4684448242188,97.40649286705457,722.9386291503906,129.4445062788946,414.3426513671875,187.27124063584512,360.6324920654297,239.112260815435,330.8273620605469,380.9311599571734,330.5188903808594,453.42525418195436,287.731689453125,454.6953878387736,299.7912139892578,527.818716257548,87.13642883300781,104.8932114250826,6.2468109130859375,1.3499292057313128,167.06695556640625,478.896570689408,97.04339599609375,271.4909243977812,-15.418273,2.3969352,-25.01256,3.0056415
113,617,3.228759765625,1311.2713317871094,208.49742140158972,1053.027099609375,286.1395093038606,881.3375854492188,341.6208674339697,633.8950653076172,490.3542853438646,626.1023406982422,543.2939280403359,684.7058868408203,740.3025051509859,739.9718170166016,859.8307993576159,685.5015869140625,851.6101515286738,758.2592010498047,980.2332187059792,181.47532653808594,194.87345262552552,7.0532073974609375,2.195234185258801,625.5574798583984,992.7773848063723,404.06146240234375,688.8818726331735,-14.515221,3.1557825,-23.58913,4.1488175
113,618,1.043701171875,1307.0514831542969,202.30348727287443,1056.4008483886719,269.99616463975684,897.0141143798828,316.15954989780107,631.0283203125,459.9228759371125,602.4556274414062,505.6034250071655,593.2738342285156,684.0283697811443,631.8875274658203,789.0434167320799,577.2820739746094,777.6928183701939,628.9119720458984,894.9897825300759,154.18618774414062,179.24872132752208,6.812713623046875,2.112899424729771,505.9654846191406,930.5665952530094,336.7143859863281,665.0237366061351,-14.886031,2.9322793,-24.164179,3.7525954
113,645,1.99432373046875,1218.5726470947266,54.02106914310815,933.9262237548828,91.32142250218452,730.3453674316406,126.77817674882034,418.9436340332031,188.69178400814027,364.6125793457031,248.20407055751645,334.9956970214844,408.39792848759527,337.8106231689453,490.260958141376,296.02496337890625,494.64144999148755,310.1807861328125,576.5847452153126,89.32264709472656,116.34251339638661,6.1973724365234375,1.4009230025223065,175.77203369140625,517.5564607816154,97.90438842773438,281.80435777081686,-15.299732,2.3692346,-24.888885,2.9930549
113,646,3.0364990234375,1266.4732666015625,137.03275365096917,998.5529632568359,205.13007571766843,819.8170776367188,251.53726930704357,545.0548858642578,363.5222979600135,529.3097381591797,427.7797724129623,567.287841796875,647.298529335735,611.6427001953125,768.4102632474387,564.0005035400391,771.4445747940136,620.8631134033203,890.9680548612155,153.40916442871094,176.21710492247445,6.7084197998046875,1.9453407140370036,486.7760772705078,872.3032464224151,284.90122985839844,528.6274224603296,-14.746596,3.1110108,-23.697418,4.046626
113,647,1.04217529296875,1253.8871307373047,131.41338417634978,984.9959716796875,190.1230420068454,806.8003082275391,226.8071138276742,516.2766876220703,324.4245858238135,480.6434631347656,372.8392267955044,462.3332824707031,548.6734641462477,486.27699279785156,647.1903735293633,438.92567443847656,646.1843555036057,472.72784423828125,743.9667717458913,122.31935119628906,146.66092482042907,6.5275421142578125,1.7475406760256211,353.7098388671875,758.8393041432236,213.22964477539062,476.3192767817941,-15.341652,2.8884225,-24.313126,3.6320808
113,821,3.03802490234375,1245.7440795898438,151.75346477156083,996.6588439941406,262.5461360368543,847.5462188720703,350.0128599584261,568.0079498291016,460.84444609672965,543.4577331542969,509.6940182723219,533.3419494628906,695.1654261029772,571.5276794433594,801.6979155057595,522.6341552734375,801.5547489736532,567.0229797363281,910.6984552264346,142.71710205078125,177.76544719257592,6.6190948486328125,1.9182450503726387,418.17236328125,874.5533961312472,266.55328369140625,582.7201446378497,-14.507515,3.2288847,-24.056162,4.2800474
113,822,3.3294677734375,1402.1294555664062,307.09353588805004,1185.3245086669922,468.94903963784265,1090.4373779296875,544.4798367132298,946.3202362060547,717.899574526881,1044.294174194336,739.2822000974018,1310.6563568115234,1011.7899644776016,1476.9742431640625,1159.7501191792112,1409.8771057128906,1160.992105910331,1599.0869598388672,1319.5873932941658,360.17967224121094,257.7726272836183,8.615310668945312,2.5950045125838432,1372.4156799316406,1273.8728787947587,864.9441375732422,850.6826345409839,-11.946119,4.476403,-19.83446,5.7241077
115,269,3.25164794921875,1482.793197631836,41.39278307820377,1188.7199249267578,79.49160474890344,877.1628265380859,118.0055515779522,648.8977508544922,183.5264993114923,632.1177520751953,225.86644384757153,653.6379699707031,355.44196139777165,664.2856750488281,420.9296735000193,605.8501281738281,444.0285396503601,640.4930725097656,473.60990699856103,324.0212707519531,217.70809341787216,14.842758178710938,1.848249207143888,459.9068603515625,415.12520068405223,373.4800109863281,321.0340887921428,-19.336346,4.898916,-26.02169,4.5117183
115,270,3.1219482421875,1492.0869598388672,94.59529769661714,1211.3970947265625,157.49537143297064,934.9563446044922,213.6933510867248,734.1350555419922,313.73248114742523,757.6184539794922,372.925209881209,882.5864715576172,610.0551986229672,934.3527069091797,723.9657090657914,881.3626708984375,754.1092832788164,936.0852966308594,800.3822924353491,465.13134765625,365.84350440699006,15.878280639648438,2.5878723308978255,671.7367553710938,614.115787119477,519.1669311523438,465.88698470999805,-17.525253,5.1999097,-24.678276,5.2069535
115,295,1.25274658203125,1459.8744659423828,33.09795066535505,1156.1982879638672,68.64200793994112,844.7249908447266,106.82923385832413,613.3108215332031,162.468878506735,590.5303344726562,198.67946875905992,593.1352844238281,294.32910935200243,592.3545379638672,339.2889513566144,532.9135437011719,355.65468313197675,561.3577728271484,377.76174798013557,288.40533447265625,178.0156587161779,14.698440551757812,1.6859860134806663,392.13006591796875,347.47062871440676,321.5691223144531,273.8275702360396,-21.269417,4.911378,-26.20019,4.198463
115,298,3.25164794921875,1483.6514434814453,79.5476859132875,1219.2322387695312,156.93624192334005,1004.2008361816406,206.98857043106443,850.2961730957031,314.84636177964984,950.2453765869141,379.18803148131576,1256.5697479248047,694.9171111062977,1385.0022277832031,844.1851753890253,1345.8003234863281,884.7819601230145,1436.2744445800781,935.525288127124,706.9157867431641,428.3748324111247,17.487350463867188,2.806720172015951,1029.2176208496094,669.8407708546299,774.8350830078125,512.0516059256128,-14.519036,6.4684296,-21.08236,6.014761
115,299,3.1219482421875,1501.488525390625,127.96105503868976,1253.0913391113281,222.07131078148254,1078.1703491210938,262.2462038715606,963.4940643310547,373.17632189825497,1114.054443359375,393.23066662438737,1543.561508178711,664.3120760103635,1720.6689758300781,809.2353589417137,1691.124038696289,855.0760424673545,1807.2443237304688,893.1134006642445,889.2673950195312,393.80080002644235,18.894622802734375,2.7238196522271703,1316.0559387207031,634.6652837149966,974.0764617919922,512.5863789905713,-12.461023,5.7088523,-19.105066,5.64285
115,323,3.3203125,1460.082778930664,52.65980171689318,1176.6141967773438,115.42857598815245,936.1524353027344,184.50127615846856,760.4555053710938,292.2983280227681,812.0493927001953,379.59099007970696,977.5147552490234,633.6390582758163,1040.3992156982422,740.8646831467444,995.7280578613281,777.3297408977056,1054.844955444336,817.8782412056369,525.6286773681641,381.0971941162483,16.576416015625,2.9879041546018925,781.47412109375,663.8416392612396,609.5028076171875,512.6856928782572,-16.89514,7.105308,-23.071428,6.49566
115,324,3.22265625,1468.2886810302734,70.00487800425546,1199.2967071533203,143.52741234985953,990.0938262939453,206.05670111805364,851.0114593505859,318.4425236603193,945.3655700683594,395.33349074381636,1198.0444793701172,668.835035428344,1296.9571228027344,788.9173126552619,1260.0636444091797,828.3003114621591,1343.1696319580078,872.3217694159625,664.8897094726562,400.24985347023295,17.386459350585938,3.00799295326105,1021.4237823486328,693.3973192004462,783.8286895751953,535.9765636059952,-14.304455,7.134299,-20.524109,6.248843
115,352,2.06756591796875,1461.1061401367188,71.98009127654383,1210.0757293701172,149.44191167927573,1067.010025024414,173.87678709727572,977.4762115478516,270.55302879412744,1163.4243774414062,291.49993308155473,1633.7737426757812,516.4999595126022,1813.2573547363281,623.3334246944355,1795.0976104736328,672.5853036839228,1912.2444458007812,688.2355811189049,939.3245544433594,293.35966868969854,19.393829345703125,2.121324891682654,1408.5088806152344,505.4792056436415,1045.8231964111328,408.8051915859374,-10.709195,4.843672,-17.682653,4.5654445
115,353,1.96990966796875,1455.9751739501953,86.85094395328372,1212.3727111816406,166.24679310654693,1089.0893096923828,175.7318515776542,1015.1124877929688,263.1538838095036,1243.2267303466797,224.15941737340165,1800.533676147461,400.42205931630247,2013.8609924316406,500.8993851012067,2001.224594116211,553.5067121062467,2140.993362426758,552.7810132172561,1053.4759063720703,212.66340188897846,20.089035034179688,1.6390965749535809,1572.2735443115234,369.54056395939085,1144.8052062988281,335.59237730041264,-9.711931,3.5501049,-16.691826,3.4939759
119,45,3.31878662109375,1769.7801666259766,162.0255843251305,1591.6674194335938,252.04087362095868,1477.0353393554688,229.07841089310793,1509.725845336914,331.8099655830747,1649.3156280517578,280.9885823447418,2088.845504760742,286.6886941079839,2377.4678649902344,328.2763094751201,2281.648696899414,353.19837074268446,2543.0927124023438,366.0017010316654,757.0499267578125,72.31438184601994,21.403289794921875,1.486147434402328,2375.208724975586,524.6143060990073,1989.3743591308594,614.8471674067329,-6.651582,4.4979215,-16.867722,3.4814723
119,46,3.16009521484375,1773.8805541992188,205.09136032358936,1595.8587341308594,305.6803650345175,1466.0488739013672,279.750687652558,1479.2096099853516,370.32120237969116,1619.0731964111328,323.57210509276797,2122.3699493408203,322.2615631272956,2467.284881591797,392.8832887947859,2393.183349609375,397.87830782846186,2672.8748626708984,413.82602697540125,792.5881805419922,84.48375499745119,21.567428588867188,1.6643377168693874,2448.4365234375,632.627117738343,2048.8786010742188,737.9784117867388,-6.7437096,4.416791,-16.956535,3.4320078
119,74,3.31878662109375,1833.1883239746094,149.9997087453179,1663.748794555664,253.16486331930417,1525.8899688720703,237.36060045920223,1564.0680389404297,325.81371994248224,1668.375503540039,285.3072393021931,2020.5721893310547,307.663236793173,2283.800735473633,314.5326332131953,2200.928436279297,347.2209224155516,2453.2513580322266,366.9725503739389,733.0390319824219,77.5468740315236,21.62322998046875,1.4071220965395723,2442.6297149658203,564.3756522754175,2101.7408142089844,642.5105734994293,-5.2022204,4.245343,-15.877277,3.8845477
119,75,3.16009521484375,1839.2586059570312,187.94465054340031,1672.2702026367188,299.94311485754633,1530.6524047851562,282.85807082188813,1581.1393127441406,382.1567031856346,1693.1492767333984,337.35231574715414,2094.8238220214844,346.37622567559833,2396.878936767578,346.06005310625034,2332.458755493164,363.9349367139011,2603.95263671875,378.5779582758554,775.3688201904297,79.36638292984837,21.897048950195312,1.5824912008223142,2574.1905822753906,654.2577822932913,2212.8163146972656,752.557228368819,-6.1668086,4.358082,-16.569836,3.7064555
119,98,3.22265625,1646.0889129638672,152.32147057160773,1444.5386810302734,216.96261668249082,1370.9393310546875,214.3447980608666,1377.6584014892578,330.4027613922565,1550.976303100586,271.2691095242599,2035.2582092285156,289.416430350123,2304.3231506347656,369.39368364494607,2189.292770385742,387.44579769163136,2431.3067474365234,422.8800720480115,720.1182403564453,97.27983429997207,20.57769775390625,1.3391680320341801,2130.928268432617,502.70844462844383,1681.5506591796875,564.8376204204111,-10.701528,3.4676082,-17.533527,3.5059702
119,99,3.2470703125,1670.0558471679688,172.2038663742153,1466.0005798339844,242.3677920777154,1359.7769775390625,217.7120412438951,1348.1358032226562,321.07728177220645,1511.9211883544922,265.07006076607405,2022.4784698486328,310.9099952899845,2329.0826568603516,413.31934081405325,2225.651870727539,428.3949066947582,2477.4281616210938,468.4181489685204,727.5345916748047,103.7125295296734,20.654190063476562,1.4481807972731577,2141.1905670166016,557.5171493151807,1720.7782592773438,632.0046658846344,-9.430752,4.0496564,-16.931797,3.6556308
119,127,3.22265625,1729.979751586914,184.91051162748613,1540.7559814453125,261.02411881170934,1440.0516204833984,237.0674679930036,1472.3178405761719,351.6548349964658,1622.2595672607422,281.65943985950645,2106.795852661133,252.0379507072123,2422.3601989746094,344.81568476905653,2318.3181915283203,362.42396789332366,2581.4163513183594,381.4589209969686,764.4688110351562,80.18978783425462,21.238388061523438,1.5269324060195937,2310.9590454101562,523.8945908277271,1915.9774627685547,636.349802516356,-9.6960335,3.4545405,-16.47256,3.6921787
119,128,3.2470703125,1741.1665802001953,194.91256696071605,1548.5665130615234,270.7148907320204,1424.0248260498047,241.34000774403503,1441.7425842285156,346.8252134570282,1573.2097778320312,285.79471220231176,1996.895980834961,307.68582170595033,2287.082717895508,396.5430435847288,2189.9783782958984,418.4265623636504,2435.8755950927734,456.00351115977713,723.1043395996094,102.82705350056146,20.975738525390625,1.684347751400124,2209.0555114746094,616.0747734123495,1852.083724975586,699.2220607201763,-9.672312,3.7142556,-16.125301,4.148391
126,39,1.837158203125,1344.7477264404297,52.04756456424927,1067.8080291748047,84.28347899299266,893.5206298828125,128.58856806917095,700.1460571289062,203.64062529751558,847.8918151855469,313.59959567125844,1330.3600311279297,802.6003113041943,1507.401382446289,986.7063625372554,1457.1484069824219,989.8510127510915,1602.2268829345703,1106.65903607637,564.7055816650391,303.05866965655554,113.08056640625,10.487511326325658,1160.6580810546875,837.5918563916921,780.050048828125,584.3268199013736,-17.806408,6.488801,-24.270647,5.5377827
126,40,1.47552490234375,1380.2685852050781,77.22374512390746,1113.5451049804688,107.4205179367177,961.2282409667969,143.37158911969138,797.6194000244141,235.40050637652752,1001.1108703613281,315.966166614509,1625.0102844238281,750.3154789679787,1854.663818359375,920.4555469763021,1812.0157928466797,923.7519942753629,2012.3755340576172,1033.4832960806673,697.3720397949219,288.0582147923232,119.20347595214844,9.839746557071736,1663.872802734375,995.9850315645516,1196.151840209961,877.4049064563222,-15.832761,5.7701097,-22.81173,5.4170656
126,67,8.25042724609375,1353.9008026123047,63.15088690729592,1076.4845275878906,93.63690951669051,885.553466796875,134.021425535732,710.8822174072266,230.71343135142212,819.4191741943359,319.5787893909201,1185.4894256591797,704.417979187317,1321.5364837646484,854.311198767944,1279.2461700439453,860.4905759175755,1408.1264038085938,965.2242588413417,516.0691833496094,266.29561985158654,114.97636413574219,7.724712228738312,1207.8811645507812,947.2002288356512,895.6191558837891,771.3891605753194,-18.189957,6.088933,-24.896826,5.594932
126,68,11.02447509765625,1352.2098693847656,69.27239335733006,1074.7392272949219,107.39081222720564,888.4687805175781,154.8131474653465,707.7585144042969,245.004533819139,818.9741973876953,351.1430161722076,1194.3562927246094,747.3722963445568,1333.9207000732422,903.7407611454108,1291.1792297363281,916.2739264744504,1422.257827758789,1034.0450607345217,519.5273284912109,291.0886901528327,114.90447998046875,8.790847079829502,1182.961685180664,1023.4839155653656,868.16162109375,812.1006761734749,-18.831953,6.0834336,-25.21656,5.4467473
126,69,2.79541015625,1410.5548553466797,82.38398518115302,1150.0013122558594,116.98418207997423,992.9739532470703,145.72735129410194,881.9077453613281,250.69397534102166,1061.4266052246094,299.4959200667756,1596.5255432128906,584.3770220193003,1808.165054321289,713.0171739305703,1783.1221923828125,723.1199715031368,1996.5774383544922,814.5719097000541,702.9490051269531,232.8142689338449,115.55419921875,11.016579000948525,2098.092788696289,1054.043651558196,1677.8102264404297,978.7044985880216,-15.403887,4.9675026,-23.174995,5.017953
126,95,6.05926513671875,1318.0967407226562,40.43925510732021,1022.2100677490234,59.68335368314995,802.8672637939453,104.35756224854048,570.5787048339844,126.85349408107923,622.9808959960938,249.06919745254766,869.3262481689453,642.7372421189989,948.4965057373047,780.4581454093723,893.5767822265625,781.9951579500799,964.4657745361328,872.827189670347,384.5181121826172,240.1475879981185,117.15736389160156,12.717799859287512,602.8736724853516,587.0604243349143,416.0834197998047,365.17972746553977,-21.056498,5.586924,-27.143368,5.42894
126,96,16.5313720703125,1324.7354278564453,55.86692851895814,1036.9322204589844,101.16162162413781,839.4844818115234,160.64891337193745,614.2850646972656,213.89556769535906,711.3136138916016,334.52038154703644,1067.1509094238281,768.2536094424901,1179.9119262695312,916.8305411109883,1124.3033447265625,918.5701740560306,1225.4410095214844,1025.9133710070937,451.830810546875,278.05385732123557,109.46905517578125,10.988460552700031,789.6846618652344,731.7178864540505,532.1800994873047,482.78124891410835,-19.77078,6.091036,-25.568928,6.043699
126,97,11.7919921875,1379.0661315917969,77.63982407170951,1113.5596466064453,128.8741392795545,956.6331787109375,182.80054913929612,794.5505676269531,273.0278209558747,975.4994049072266,370.7213538552044,1495.4154052734375,714.3704488775235,1673.3762969970703,838.3987688945488,1630.4046936035156,848.9606605888648,1809.5413818359375,954.8357899339109,627.6217346191406,265.9492032530948,108.42376708984375,10.130694365568697,1586.6309661865234,1018.030274980231,1161.6778411865234,823.4157028667188,-16.705341,5.8391905,-23.027788,5.7137485
126,98,1.31988525390625,1434.270004272461,57.463930878119655,1184.6934356689453,88.19647009535389,1045.5972595214844,105.21723555353866,954.9714660644531,180.21751479921247,1172.7154388427734,199.62855713768644,1754.4869232177734,388.47042044370716,1975.8363189697266,462.7014903224655,1953.835678100586,467.9902201130727,2193.476593017578,516.6763208858846,757.0669860839844,140.5104458509603,109.12411499023438,6.104468298987205,2429.5799102783203,703.3867849418288,1938.2398986816406,698.5134073368844,-14.431684,3.9757898,-22.13079,4.4418936
126,124,6.03790283203125,1328.9617919921875,58.16202412153281,1050.2968444824219,93.65721003612958,885.5142669677734,161.45310679094945,659.6852111816406,197.69037478345595,843.8473358154297,365.1005238436498,1446.1678314208984,933.3582114048429,1643.9426879882812,1131.7097939219827,1585.1686706542969,1130.3843739400404,1745.9063262939453,1262.0521919952778,597.9923095703125,346.6046646403889,108.69514465332031,10.679850588999033,1125.617202758789,837.0805817581308,698.6432952880859,498.478921217928,-18.195509,6.0516057,-24.165024,6.131006
126,125,8.642578125,1346.3263244628906,70.78602111500645,1077.0731048583984,120.99798233964333,919.7367858886719,175.4366149143586,737.3683013916016,258.03516773124505,931.7859039306641,352.10625737526925,1525.7372741699219,748.1802572663072,1723.4086608886719,891.3914093209941,1675.6341094970703,897.715518955819,1855.0809478759766,1002.0703954244132,628.2247924804688,272.4699581940054,101.03985595703125,5.920222982692333,1389.4720916748047,854.813873010604,928.8212890625,636.2780571939843,-16.319387,5.7787066,-22.341715,6.044033
126,126,2.60467529296875,1406.8471984863281,61.14325787431129,1157.6472625732422,104.43698357547434,1035.8532257080078,132.49764501116047,909.4845581054688,211.24929489371286,1179.5133514404297,218.99879902262103,1891.7565002441406,421.21082944199867,2133.5906982421875,488.0633784066368,2096.0856323242188,488.2811462098545,2342.2291259765625,528.9789094732857,780.1732940673828,135.57391238467775,105.84452819824219,9.862846446025692,2145.836883544922,610.9080386753946,1531.0624694824219,586.9891100658043,-14.157625,3.670092,-20.687437,4.3411484
126,465,2.83050537109375,1533.1083679199219,223.8800051121384,1327.8350524902344,295.8598833927251,1186.9248352050781,319.32322866860693,1171.9736328125,427.55713733844834,1306.7348175048828,405.8725348337458,1559.9227447509766,503.02311619839287,1654.318115234375,553.1193526251802,1575.8530731201172,555.5127831230808,1636.0164031982422,585.3871351356107,724.705810546875,251.49987453290245,14.952285766601562,2.945638341952324,1824.510513305664,755.9403076296994,1488.8311614990234,700.7075151382854,-13.835852,4.2569513,-21.833616,5.557788
126,467,5.010986328125,1871.3603210449219,555.0021468027037,1761.6106872558594,721.8026485771303,1727.961685180664,816.9487505149191,1822.0925750732422,1041.669117231918,1992.4976348876953,1029.7853584535821,2238.9292907714844,1046.934648504256,2357.815155029297,1081.338313507995,2288.5833282470703,1087.3604664558084,2402.2512817382812,1134.7280884893555,1091.4817352294922,501.17127916921095,17.937423706054688,4.64064205630436,2548.3123321533203,1195.969976717328,2118.8773345947266,1089.824406294597,-12.718951,3.7736146,-20.578024,4.3217564
126,468,14.0228271484375,2058.961395263672,608.2334548616558,1991.4390869140625,804.2029503351016,2013.2629699707031,903.3236850272814,2210.263702392578,1134.067081833458,2410.6067962646484,1090.278608573768,2728.987350463867,1000.2911154514701,2866.610305786133,1021.3979209396169,2798.1737213134766,1027.9122916123656,2950.2159881591797,1045.1293323095367,1342.746841430664,436.1558272596619,19.500823974609375,4.144521963911772,2978.1752319335938,1061.6593451811732,2466.0773315429688,981.0640415988748,-10.885695,2.9131234,-18.746407,3.3157592
126,469,9.0118408203125,1973.271011352539,591.4853704398158,1894.540756225586,792.6581135818659,1914.808364868164,903.1505074375432,2104.2708892822266,1138.3021128695616,2304.465591430664,1100.0583171464953,2637.2311401367188,1020.2414184948921,2774.967727661133,1047.384833910995,2712.0091552734375,1060.1139012914352,2863.2694702148438,1081.2742512687742,1299.5150756835938,441.55865940946234,18.772186279296875,3.8299038061704334,2836.621047973633,1070.721956463239,2312.791519165039,970.3449245454109,-10.814504,2.904246,-18.39268,3.3224049
126,494,33.56781005859375,1684.519302368164,263.4882645885864,1521.2789611816406,309.870940828542,1402.2105407714844,291.54511554294436,1330.5294647216797,459.1730167047815,1405.3162689208984,466.3553106293181,1440.7913055419922,599.4588632436787,1503.4813079833984,637.2581720629855,1398.2676391601562,622.9679931404456,1419.6432189941406,657.3696949423905,584.7239074707031,283.9108037540088,14.387725830078125,3.715502715479711,1667.3683013916016,975.0154164141817,1440.2922668457031,874.8342425823542,-17.00284,4.363777,-26.465895,5.062012
126,495,14.12200927734375,1705.4962615966797,257.7805533321121,1554.0249328613281,323.76959728321384,1446.9911499023438,333.989307092305,1398.894760131836,499.1176740943896,1493.0157775878906,492.5071714498526,1544.3674926757812,623.5424487668993,1614.9334716796875,661.8137419589157,1508.7232818603516,660.1814291462579,1533.9762573242188,704.5460627429674,634.4160308837891,315.1471652697461,14.456192016601562,3.701757204045119,1693.739990234375,990.2232927713937,1435.838851928711,885.2258264137614,-16.697157,4.4258447,-25.585241,5.3894496
126,496,5.7952880859375,1939.058334350586,553.161018727996,1847.9767456054688,713.3480069621488,1822.2632598876953,816.5913030308151,1912.650650024414,1070.1968517344296,2057.265853881836,1076.1969990901498,2208.3883514404297,1145.6888758161513,2313.983901977539,1187.202873485207,2229.1891021728516,1195.5984322879142,2323.0723571777344,1261.6962685018332,1034.7650146484375,575.9163249913165,17.796401977539062,5.25366721050416,2486.102035522461,1351.1831835333749,2086.865966796875,1194.2908947752057,-14.502709,4.5026755,-22.752268,5.20031
126,497,16.50238037109375,2172.3895721435547,578.4775179574838,2145.2671813964844,771.76276300061,2216.81640625,883.0641286423087,2490.2955017089844,1106.5858160549383,2676.532943725586,1073.3988391338607,2939.0204162597656,996.2651296555306,3078.601821899414,1010.3271166345849,3006.364532470703,1012.9262350876645,3169.623992919922,1021.0631910448602,1451.7080535888672,415.7457134452837,21.33465576171875,3.746173849333436,3345.257797241211,987.5896489845501,2824.7547607421875,929.7095083768634,-11.564645,2.7572272,-19.6695,3.1116292
126,498,11.07025146484375,1885.6976318359375,499.26880284877996,1798.8366088867188,677.9865399311096,1831.8477478027344,796.4249062141475,2004.5279235839844,1033.8415379719895,2213.424575805664,976.6963017491657,2566.5736389160156,864.002523529982,2712.4461822509766,875.4250390848863,2658.169158935547,879.1563953814131,2811.946731567383,882.5210371587923,1297.6092834472656,353.734723267405,19.520294189453125,3.7418266411835965,2870.363479614258,961.5783649517281,2351.316909790039,942.9513547864491,-11.008148,2.7244706,-18.511293,3.08806
126,499,1.2359619140625,1518.931869506836,286.5396758242961,1329.5436553955078,402.6232115977693,1269.6070098876953,462.416419310249,1235.6336822509766,654.4465390024297,1462.0914764404297,608.4639313238104,1893.926498413086,663.9556307496989,2028.4356536865234,718.7406445409687,1982.9383850097656,743.3813412988574,2098.5995178222656,779.9088980946171,970.0992889404297,340.61132836415237,15.78466796875,3.3988847460171954,1992.6903228759766,823.7836215355404,1524.7095336914062,738.7443199978127,-11.673864,4.218707,-18.67456,4.485427
126,500,12.1826171875,1393.2186126708984,166.069677640649,1173.8218536376953,221.04106432295112,1090.2173461914062,202.07593129484758,935.6276092529297,354.78995183682224,1160.5035552978516,337.9902703768851,1587.4762878417969,640.1692468393544,1706.9302520751953,724.4107600122535,1658.2589569091797,748.2827196980215,1751.829849243164,809.5301894050148,804.6305541992188,366.16238321824903,13.597320556640625,2.855522960032152,1563.8591766357422,740.7492193484168,1143.9378509521484,587.857319081822,-13.278503,5.1394596,-20.455194,5.4102077
126,501,18.310546875,1410.8251342773438,147.32708308309103,1194.8581085205078,208.37628526941847,1094.209213256836,197.73573672228093,992.5736541748047,338.0885300230814,1189.5795135498047,308.43306055783944,1562.5061950683594,556.3343847493989,1670.448013305664,626.9481784618109,1623.7369995117188,652.2827495913742,1717.0953216552734,704.2855666678038,796.2380218505859,318.0083287929079,13.96624755859375,2.728529856350484,1677.2615509033203,712.3021820947075,1288.3576965332031,597.2747896063283,-12.593809,5.342429,-19.957123,5.6656976
126,502,10.24169921875,1406.6574249267578,140.10900176939475,1184.2886962890625,202.18261682160892,1078.220932006836,197.2164413517884,1028.1903686523438,314.85197751542216,1242.5905151367188,234.51635512928155,1648.8593139648438,375.79099789353705,1763.2686920166016,431.25620975350887,1723.1976776123047,464.060258406941,1827.1475982666016,501.1420338519726,853.2750701904297,224.43548555238638,14.871749877929688,2.0997358527458014,1898.462646484375,554.8480802520654,1475.3188781738281,487.9805934687471,-11.666618,4.493219,-18.908554,4.8462143
126,503,2.8778076171875,1333.4078674316406,116.24306591747542,1103.6117248535156,158.75307440960148,1024.4154052734375,130.27150538571647,932.7478942871094,299.0544162775432,1225.3121185302734,163.22225546346513,1802.1976928710938,353.61376785754203,1965.1916809082031,417.3457590614453,1957.9918365478516,430.94761825546976,2099.4486541748047,457.96916853266094,987.7252807617188,194.83150452208727,15.489639282226562,2.0851654889875575,2116.6922454833984,525.6791282973068,1563.8726348876953,548.3716925980495,-12.049081,3.080366,-18.965614,3.500157
126,523,59.87396240234375,1681.9297943115234,275.5860206630707,1536.6017456054688,327.83020024251067,1445.8929748535156,328.7882495823722,1296.0605926513672,507.08461563082665,1355.0287170410156,518.2083535942872,1288.542984008789,702.3194206466618,1337.3911590576172,750.3958158782826,1227.0298614501953,740.1513730732877,1226.1477355957031,793.4780502660598,489.4420928955078,343.052237227918,13.240631103515625,4.214793514198928,1326.5393524169922,1107.1303365182591,1143.3744812011719,1003.4162031651313,-19.05422,3.92192,-28.224367,4.253406
126,524,30.48095703125,1705.8741912841797,258.04917467786595,1561.383071899414,304.7034208075024,1462.975830078125,303.9757292172656,1380.790023803711,497.48588291274405,1458.2010498046875,511.215027166028,1438.5608673095703,693.1986830428689,1497.912094116211,737.601972977966,1388.1566772460938,728.1169702149741,1399.8716430664062,779.8908611164854,576.3937377929688,348.666916792824,14.114715576171875,4.318488907025139,1563.2708435058594,1115.7272814149737,1336.9916229248047,989.3868485100526,-18.196714,4.420556,-27.349628,4.7631965
126,525,4.718017578125,1715.8005981445312,387.7142946041129,1577.8755950927734,508.5887015627474,1520.8827209472656,599.4309968866999,1550.2931823730469,802.7522356855195,1707.812240600586,787.4306244496952,1911.1133422851562,845.1332276009657,2023.2712860107422,879.8889155050379,1954.4903869628906,883.9664362576502,2045.6700134277344,939.1698839011392,921.1021728515625,430.4638962239574,16.930130004882812,4.28852716322058,2275.316421508789,1110.5047396910695,1872.923583984375,1012.988757699479,-15.707855,4.3721566,-23.898281,5.027485
126,526,2.47955322265625,1693.6536254882812,482.1386711003895,1559.1944885253906,648.4065370648964,1557.4070434570312,779.605510955137,1636.9443969726562,1025.5821198970095,1886.02685546875,952.4912855394215,2364.3868560791016,799.7788838465552,2537.709014892578,799.0788707063936,2502.308807373047,787.5035880099117,2665.666946411133,785.7442734273451,1243.8956298828125,312.0145095999107,18.924774169921875,3.54506582579995,2754.037384033203,871.3895415366793,2183.161346435547,945.007038085586,-13.150192,3.3524792,-20.541557,3.548568
126,527,2.05841064453125,1535.6546173095703,396.41685980853566,1362.3168334960938,539.6029932354661,1335.0533752441406,652.4249407429386,1331.9115905761719,882.235447256393,1616.8059692382812,803.9435039114738,2223.7540435791016,675.3818709266349,2420.12158203125,687.483188284709,2398.0017700195312,686.9306851729791,2565.130416870117,682.0582896890514,1200.9657592773438,265.7647070894855,17.772369384765625,3.3904814523588342,2475.0582580566406,788.2182938690504,1852.2990112304688,857.5225234080434,-12.65109,3.5643048,-19.634794,3.6743188
126,528,4.64935302734375,1433.0039367675781,206.88322217511623,1219.1151428222656,283.9444185894266,1118.1014099121094,313.1714895499088,1052.292007446289,442.7071151401773,1248.6004943847656,428.8392495223681,1656.8431091308594,616.9533240822944,1797.2750549316406,692.5296164653888,1768.7274017333984,714.0154843511363,1883.5715637207031,761.107244450094,878.5744323730469,338.81563649938295,15.389923095703125,3.0330915828160863,1941.1634368896484,751.0756597940305,1475.2537231445312,644.5098471007404,-14.499469,4.5926185,-21.589487,5.008196
126,529,24.3255615234375,1449.1329956054688,169.24351413804288,1243.844482421875,217.34158445536832,1120.2119445800781,218.1292275124285,998.8907470703125,341.4122753988869,1073.1875305175781,393.22826780399095,1191.1372985839844,615.1677518811587,1256.9617919921875,678.6602759006588,1205.3341369628906,690.810566829723,1258.2922668457031,749.436157641941,575.1624450683594,344.39743576180246,12.891220092773438,3.6146460852249724,1407.9715881347656,939.5234863293182,1152.0709686279297,781.381176769769,-16.715818,4.735064,-24.387516,4.9123106
126,530,39.2547607421875,1408.1534271240234,134.73965987922986,1204.7523956298828,164.27996362994062,1087.4146575927734,155.7265162846207,903.5510559082031,313.26590013553636,943.1750946044922,387.7217427583572,991.0418701171875,619.7012101740486,1033.7644958496094,681.6163198257757,979.9849090576172,692.7281125934036,1013.0257110595703,754.8904816848143,462.2530822753906,351.64140968537,11.423309326171875,3.6918971909673743,1081.906478881836,952.8711187695445,882.2369232177734,769.5790549901119,-17.468979,4.8048425,-25.160896,4.688218
126,531,34.66796875,1408.7631072998047,132.84846866118934,1205.1069641113281,160.29612852058733,1105.744857788086,154.19554439529966,968.2542266845703,320.1172286199926,1057.3309783935547,373.743912596822,1161.5285949707031,628.0065498789584,1219.3700714111328,694.1545465601757,1161.4550018310547,710.0399216434662,1201.2715454101562,777.5604508681631,541.4564514160156,366.65851885305347,12.139511108398438,3.76600881799751,1264.0933380126953,947.800316057246,1011.4427795410156,754.6248066470635,-16.65372,4.9630775,-24.351917,4.9295583
126,532,15.08941650390625,1406.5963439941406,96.982037773477,1204.0738220214844,126.15222375320026,1115.266357421875,119.83207616510789,1098.2798614501953,240.1983306312563,1280.3917999267578,217.3645858947391,1568.4680480957031,457.3323005053558,1688.1902618408203,521.9240845564188,1670.5804901123047,562.2481065149465,1778.2088012695312,635.8531386089373,828.2547302246094,318.2032667378044,14.947296142578125,3.299770927284723,2060.5653533935547,868.6356558006644,1597.636245727539,689.8148499956375,-14.295742,3.9718673,-21.960613,4.2361016
126,552,29.13665771484375,1502.5963592529297,239.0854810329838,1318.9031829833984,313.6838613325111,1216.1871490478516,364.20455482850105,1146.0918884277344,428.92471016753956,1289.9599914550781,415.0649220454525,1498.3173065185547,628.3608486522226,1617.6186981201172,706.9244175443885,1575.2122497558594,729.4890928608002,1660.7034912109375,809.65441914811,757.8364715576172,385.93809741195696,15.753250122070312,3.787799418430855,1905.4133758544922,970.8274704864357,1498.5202026367188,853.2187264045831,-17.569836,3.5963447,-25.455769,4.5058885
126,553,16.796875,1527.056167602539,250.8567015051602,1341.3408813476562,312.9550115827518,1229.9180450439453,345.6700296397899,1227.8892517089844,445.8813160277281,1358.9092102050781,446.721307667604,1539.2383880615234,563.3665775278158,1650.8752899169922,606.0612667542958,1615.6442565917969,605.3621439691486,1710.799301147461,653.4952547819936,798.5007476806641,304.35864309020127,16.784210205078125,3.5745502337752333,2157.9970092773438,880.0283232848451,1760.9508972167969,790.8972168126912,-16.49851,3.8524225,-24.759651,4.6746297
126,554,3.9337158203125,1473.6659393310547,293.02645909251703,1271.0508728027344,376.36645361059084,1161.6103515625,426.8997405572131,1183.8470153808594,544.5522299998019,1358.2882995605469,525.6063573825578,1657.1343536376953,577.7301740098305,1791.45654296875,607.0450472037729,1781.1248016357422,588.1681200652162,1911.5749206542969,602.6504502003144,915.604248046875,244.22922841508455,17.659835815429688,2.4295986966079504,2413.0472412109375,599.5114556108572,1980.7343292236328,631.939096744387,-15.334767,3.2914703,-23.597359,4.263444
126,557,3.41339111328125,1360.7008209228516,116.16641025861546,1133.483169555664,150.67967147135226,1008.8965454101562,154.87649363380532,980.1682739257812,211.70032107708246,1166.6770629882812,212.80067800833615,1545.2732849121094,466.5993480723148,1691.1785888671875,539.1056213758885,1694.1048278808594,548.4544872479433,1832.3844757080078,587.7986705411377,882.1363525390625,256.0011350950382,16.38427734375,2.0781042915402357,2234.5071411132812,487.5653978297871,1760.9383239746094,484.20867760480746,-15.5781975,3.5728219,-22.96564,4.088464
126,558,12.1429443359375,1403.7886505126953,145.0649678714257,1185.7178802490234,183.03711948868897,1045.6342163085938,185.04436366930344,989.1093597412109,247.64471659666967,1091.9344177246094,288.91073988489967,1263.970443725586,497.83426849605263,1352.9906768798828,557.3272512060424,1334.5081481933594,576.3849693023401,1424.8368377685547,635.6326735108539,676.8181762695312,301.0630793427744,14.743270874023438,3.4243390022257394,1877.81689453125,851.9237350280683,1559.1331329345703,733.9461095855361,-16.597082,3.9222279,-24.312584,4.2186112
126,559,20.9442138671875,1432.147720336914,207.23655095358683,1228.7043151855469,243.09030602731846,1100.3155059814453,233.03598213793146,935.4459228515625,377.4755888740081,967.0654296875,440.5219949942254,989.4360656738281,630.7292653430667,1031.070053100586,686.3163462032866,980.0129547119141,691.431890458553,1013.7675628662109,752.3867563022612,455.8304901123047,344.6975426417177,11.767974853515625,3.972427371768681,1198.9422454833984,1055.5775118052402,1012.5713958740234,900.907461462573,-18.526424,4.329852,-26.204704,4.155032
126,560,24.42626953125,1439.416030883789,208.65282966009372,1247.1425018310547,240.73649368112723,1152.9635620117188,226.49116148509364,976.9380645751953,407.1619063930721,1028.0171661376953,458.12879295185104,1039.221923828125,691.818908902573,1081.529052734375,759.7839681940122,1009.0215301513672,760.121783674534,1023.8272857666016,822.6663955412162,436.3059539794922,367.0297274971739,10.905029296875,3.5732407779696036,1025.3838348388672,992.0749250668161,841.7969970703125,825.329236740152,-19.311115,4.2205057,-26.766941,3.9094126
126,561,12.21160888671875,1399.2450714111328,115.86446466268606,1200.263168334961,144.59156406934758,1120.8983764648438,142.32655755909346,1075.3613739013672,272.0892944905394,1252.5470428466797,277.2753324217424,1538.6303253173828,571.2560363970326,1660.5453186035156,653.7505870739577,1634.807861328125,696.0998621429303,1734.3432312011719,782.0451529592452,789.5451202392578,378.4926873729901,13.905517578125,3.538702392783407,1893.5704803466797,994.8706262907767,1406.0606689453125,740.1740307360602,-15.692373,4.678868,-23.085033,4.482596
142,111,2.33612060546875,1409.3357849121094,117.5832238251024,1157.9067840576172,208.80957283290942,1035.3175048828125,236.21916119712807,949.72412109375,297.838284645371,1083.6156463623047,284.5924093684812,1407.2364959716797,512.2295181930681,1553.6351013183594,616.764866097346,1449.1444244384766,681.2349678049486,1632.8057403564453,691.661788934168,550.1526031494141,196.965775080284,26.61212158203125,4.486991102201277,1194.9155578613281,467.0057075151255,862.6644287109375,303.4675114222835,-14.549536,6.7001185,-19.86082,5.382102
142,140,3.25927734375,1371.8352355957031,184.0645685464614,1107.7704772949219,282.7475116197141,982.6673889160156,312.0586453058161,884.5378112792969,394.57022889718513,1035.9296569824219,363.3333394636059,1344.9072723388672,594.803357207002,1476.149658203125,698.0641852016619,1375.9342803955078,755.3062661554919,1558.3592376708984,781.9172283716131,528.2438201904297,225.3721290950434,23.501556396484375,4.561021273585417,1156.5710754394531,540.7163652380702,803.3823852539062,367.5948175802927,-15.491828,6.8394995,-20.659565,5.254153
142,141,5.06134033203125,1437.7509307861328,187.85320960964407,1175.2869415283203,293.33228957707513,1047.1475372314453,363.46160078150353,979.0812377929688,469.1915389455014,1049.6758117675781,465.1588534863085,1192.6155548095703,591.3833976206251,1280.8448333740234,668.9335267336604,1165.2393035888672,718.3988133418748,1330.1977081298828,737.9331982293983,459.8723602294922,203.82902030983448,23.01849365234375,4.826142369669899,1098.2044219970703,690.2404365842366,840.9896240234375,550.2131237818598,-17.42946,5.919527,-22.488844,4.9618707
142,142,4.97894287109375,1549.8625946044922,130.41139736709644,1271.5571899414062,213.38265173529453,1126.2806701660156,281.478559293481,1034.4888916015625,377.28975702922526,1043.7386016845703,398.9855367957162,1095.0341491699219,488.27844164152003,1149.8240203857422,548.7421735608052,1007.0381164550781,584.0553759198573,1167.164794921875,604.0197942182668,436.89329528808594,170.1865549415666,57.197998046875,51.865375374523516,958.8814086914062,626.6392911501808,801.48974609375,514.9935306344119,-19.123377,4.0906005,-25.285055,3.8979423
142,169,2.105712890625,1283.8821105957031,197.7906735182407,1028.8607177734375,276.2378050345306,912.2852020263672,293.8178041626866,781.4104614257812,372.00739126323094,991.9540710449219,331.2307351265643,1398.9187774658203,601.1584516229556,1556.2975158691406,709.5970909247776,1485.840835571289,751.1697569965329,1669.7063446044922,795.7164673264848,570.4136047363281,233.5883642391648,24.146347045898438,13.992017042448891,1242.5973815917969,490.13948715207846,796.4818725585938,330.16946356590256,-13.935369,5.7986364,-19.01957,5.036473
142,170,15.0146484375,1440.3058776855469,214.10449706270603,1179.6155242919922,300.05375488264934,1046.3385162353516,363.46308266533947,967.3381195068359,464.69124721692185,1038.3861999511719,455.4266537431528,1185.1466522216797,574.6479710058484,1272.5836334228516,649.5955716927068,1162.4580535888672,693.3316875929786,1325.9229736328125,720.1521593501914,462.7571258544922,197.7366751818654,29.700103759765625,16.25685976722402,1110.4362182617188,675.0885650334488,842.3885803222656,544.3170871614619,-17.26615,5.4612427,-22.536955,5.0115337
142,171,13.74969482421875,1607.392822265625,127.35554615991057,1325.1336975097656,206.99915562489437,1179.1330261230469,273.90697359894045,1085.8554077148438,369.6191495336217,1090.5162811279297,391.2757125571713,1139.879379272461,477.9698091731689,1193.133316040039,536.3384255403357,1041.09619140625,570.6500075491682,1210.51708984375,592.2355659353525,461.8562927246094,166.45279702963987,70.57453918457031,56.7837122971019,994.0377349853516,619.6852049714589,838.2376251220703,515.4586166874443,-19.143923,3.7025735,-25.578812,3.601343
142,198,6.3446044921875,1382.4891815185547,199.88983562364047,1112.641372680664,232.8520132216438,965.6332397460938,243.99680865813318,874.6586608886719,312.3536735113248,973.0391387939453,266.2029356891046,1162.0623321533203,465.5997476762755,1255.3699645996094,552.4601084098757,1156.0156707763672,600.4116605235806,1312.0909271240234,625.9945579897405,459.14366149902344,189.67363007022166,27.326705932617188,17.83750467890944,1067.7378997802734,439.0352619391296,767.5867004394531,279.5235726986464,-16.579922,6.080993,-21.482323,5.5407405
142,199,14.70794677734375,1534.2768249511719,163.70702728128833,1269.7821807861328,257.99028179083734,1129.3296661376953,329.347570945711,1059.8589324951172,428.01636482452466,1081.929931640625,439.22687641600146,1152.4726257324219,529.3803940519581,1216.463882446289,591.4196487309115,1085.417984008789,632.5441903600414,1245.3318939208984,650.919252769752,443.6278076171875,179.19881567067227,38.93730163574219,17.195012284239823,1066.4143829345703,669.3357250054677,866.3939819335938,552.1520315061787,-18.24385,5.234623,-23.933376,4.674244
142,200,11.61346435546875,1635.6839752197266,111.76740061562846,1353.3992919921875,205.50249935689436,1209.794174194336,272.64092343137355,1109.3282623291016,374.8582182959891,1110.7264556884766,395.1393734342807,1161.4278869628906,478.4374270160408,1215.3387603759766,536.8244698375198,1058.3405151367188,572.2154845390144,1232.6810302734375,592.9765808248678,468.0185089111328,160.35435149774088,71.47257995605469,41.700124354587544,1011.6188812255859,618.0545685487034,856.9898223876953,517.9286134673843,-18.9092,3.5546567,-25.638968,3.7006516
142,227,5.16204833984375,1542.9537200927734,133.8877428407817,1271.4669189453125,205.2939118550649,1127.5207977294922,256.8793145301312,1077.5474090576172,320.60584102028855,1086.4277038574219,328.2930346217067,1116.7371520996094,398.68955561708566,1168.9020080566406,437.435194431155,1029.1477813720703,478.7735086628243,1182.5091094970703,471.78996424658544,415.86009216308594,141.36087185098293,30.315536499023438,19.61749474754441,1014.5487365722656,494.64280192931034,829.6360168457031,375.1530427766042,-19.337196,5.764387,-24.102238,4.8321047
142,228,4.754638671875,1601.4156036376953,127.25495221729602,1341.6977233886719,250.66369080333718,1212.9805297851562,335.6662415275522,1146.4286041259766,452.3920286725734,1150.133041381836,475.03637262139864,1189.4234771728516,552.5032265442136,1245.4606170654297,608.8601874902433,1102.3245697021484,649.3620679030232,1264.574462890625,663.3416085314462,453.98793029785156,188.3702215165662,45.51271057128906,17.203308342687027,1089.1712799072266,713.3748337856789,911.9608612060547,598.9570268377407,-18.719828,5.259805,-24.57325,4.510546
142,229,2.84271240234375,1627.069076538086,115.8774927550073,1341.7518920898438,209.08190516859597,1192.6208953857422,279.3061525487593,1079.39306640625,381.8948551613423,1068.9485321044922,399.21738558885727,1096.9149322509766,455.1105440898123,1141.4165954589844,502.71265684487395,984.0057373046875,530.0253679623609,1150.872787475586,551.4264752710371,433.614501953125,151.684965964992,61.634765625,24.386383606714187,949.9789733886719,598.1217814554458,816.9490356445312,518.607715093819,-19.275484,3.2799513,-26.003769,3.343579
142,252,2.58331298828125,1396.2445678710938,167.01368246465344,1158.3846282958984,248.45221665809123,1070.8015747070312,265.7980276775877,969.1609191894531,354.0695532223534,1158.4633178710938,304.46135487277263,1605.0660095214844,553.7407547698515,1793.3517150878906,670.4657226604216,1701.189224243164,738.157844167312,1914.7528839111328,765.001232420034,626.1673889160156,218.2674858977861,25.423065185546875,4.810552972529516,1402.0318298339844,520.0335965322453,965.0011138916016,361.8569521798943,-12.982721,4.9216247,-18.989208,4.7948895
142,253,3.79486083984375,1494.0260620117188,141.74745735625368,1239.5313262939453,210.7316558451888,1133.2584838867188,239.04644155889244,1061.3978576660156,321.9136892767983,1151.5240173339844,299.9570786911966,1371.6356964111328,517.7877141275421,1488.805435180664,620.0963927382476,1363.6074676513672,686.3212220090892,1551.9243774414062,702.4258918223474,514.384521484375,198.67392865303484,22.276077270507812,3.5290929830611955,1225.2944793701172,534.8080819100984,920.8793792724609,359.67805359565625,-15.082162,5.183799,-21.031519,5.0183296
142,281,2.58331298828125,1420.6993255615234,175.69395255080363,1165.9426879882812,232.5514646848135,1057.897201538086,259.554165942461,977.4866943359375,337.23468648807943,1098.3706970214844,305.1150605413759,1368.4134979248047,533.3620611569133,1501.7764282226562,639.273844921768,1395.2901306152344,702.9415920673365,1585.8914794921875,730.070529532225,522.2061462402344,204.4558358092335,24.331268310546875,5.218861345910013,1249.8981170654297,536.9783520976004,890.7754974365234,349.61461627298894,-14.878746,5.036906,-20.56228,5.0423737
142,369,1.77154541015625,1440.279556274414,175.35731845719312,1202.4191284179688,254.25660879664395,1105.1530151367188,273.49745736522834,1039.7713623046875,371.3038743119338,1175.1790313720703,296.92725111790395,1492.90380859375,490.61528051941775,1639.253662109375,596.5269529499232,1528.1939392089844,667.5182001958159,1724.7539825439453,675.4399642916104,559.7555389404297,182.99815169643875,17.876907348632812,2.9353279338196967,1334.1551971435547,463.2162775320597,969.1077575683594,342.2242869383109,-13.413226,5.0645957,-19.764454,4.787144
142,398,3.25927734375,1498.1202697753906,149.0796884556533,1242.1096649169922,211.18494994113146,1122.0110626220703,229.03298309472757,1066.293701171875,306.1598652345568,1161.5332946777344,263.37637090777224,1386.3968353271484,481.87873268518166,1500.244873046875,581.5808818361114,1370.4351348876953,650.2595855728935,1560.6092376708984,661.532382025072,516.9252014160156,182.48369625215184,23.626434326171875,11.314410047047437,1215.769790649414,474.87211001642606,919.8727416992188,317.13570136493183,-15.418073,5.29358,-21.726765,5.0000057
142,427,1.48773193359375,1509.135498046875,124.24546715294176,1225.2904205322266,168.07593488867627,1068.7857055664062,199.28995956375982,1016.3478088378906,253.20584833358538,1074.8661193847656,253.10995721515852,1198.7259826660156,419.0357428115315,1279.0364990234375,493.4621485376597,1143.6556854248047,548.3759918870564,1319.0496826171875,560.1106746331782,464.1763458251953,165.50539022795704,42.726043701171875,30.255195458684568,1066.6885223388672,460.28087464431064,829.1573944091797,293.8228513977243,-17.40051,4.4333005,-23.520859,4.2759333
142,428,3.42559814453125,1585.9664154052734,114.06416222303297,1293.2137145996094,136.55642901585446,1123.0086669921875,156.09074897587635,1076.5831298828125,186.51633449778853,1088.3061218261719,173.18642654373375,1108.2838897705078,218.37503707634994,1157.3682403564453,245.63653162337388,1008.9205627441406,282.73179314071524,1169.1699523925781,277.5455566696627,437.03770446777344,90.45495039199905,66.11149597167969,40.30438317232046,961.6757659912109,303.65941547892413,790.2024993896484,194.0332358149209,-19.089544,2.9687092,-24.7873,3.193549
142,574,3.253173828125,1614.9017028808594,204.90168104436157,1341.3035278320312,316.51521600300885,1222.7991027832031,405.5568574677139,1165.844955444336,531.9983076426078,1194.1594696044922,559.0133944137835,1248.034423828125,689.0883249033647,1315.8113555908203,768.2450657176984,1161.5036315917969,813.2058043282218,1352.645736694336,864.406067528397,469.84144592285156,262.938026682371,24.421539306640625,5.467654124455541,1145.623031616211,919.856944878761,956.2487487792969,806.886149253233,-18.214905,3.2789574,-24.635252,3.3609695
142,603,5.6915283203125,1640.459701538086,206.08666115866913,1379.3734436035156,308.19418040780437,1257.5020294189453,389.69490876018125,1188.1940460205078,513.1878273540397,1216.7442321777344,537.5709798646458,1272.8778381347656,662.703110954383,1339.264419555664,738.2673406104724,1196.6881561279297,777.9030072063671,1373.9459838867188,830.4271099919039,498.09327697753906,257.183015153914,56.00299072265625,32.402326423532315,1150.615707397461,871.9579124319682,957.2318725585938,769.0951351103132,-17.906328,3.3127966,-24.506882,3.4357994
142,628,1.29852294921875,1322.4811248779297,176.5686102653426,1086.3536529541016,228.92494425535534,965.88623046875,256.8554996629983,868.8411407470703,327.6165261129494,1043.6649017333984,285.5240209707666,1383.4872283935547,465.41441532509884,1537.1973114013672,548.872463060657,1477.7779388427734,585.6473689164407,1653.7950439453125,616.8754518335146,579.8511199951172,155.16219651133983,58.37811279296875,30.29125593687676,1352.750717163086,448.8280636774173,893.0754852294922,307.5486889403821,-13.31556,4.269985,-19.554642,4.178852
142,656,1.31988525390625,1277.6600189208984,159.36953976752437,1047.1813354492188,212.21486115075945,963.7625122070312,226.7650948220981,811.1968078613281,309.1282727695006,1103.5823974609375,247.88387160910682,1693.5714263916016,491.61560418422533,1915.9724884033203,587.7101481878877,1869.911376953125,609.1156784872741,2088.167724609375,660.0867662948901,719.983642578125,184.01789638166605,71.7572021484375,12.984747874991827,1488.8868103027344,355.62738515491975,896.2421875,268.2425561673781,-11.552162,3.4585938,-17.616587,3.4975271
142,657,3.30810546875,1437.3204040527344,200.14470786315525,1183.6168670654297,225.56985754768124,1042.4625701904297,249.2987489213603,971.1052093505859,302.2267472246614,1063.6406555175781,259.21577907374876,1233.7388305664062,355.0190476118654,1334.7055969238281,406.89852157153655,1244.4210510253906,447.01333532591406,1403.3543090820312,460.11355202580046,524.3284912109375,131.26885468652432,81.84864807128906,14.870550302518403,1194.0794525146484,414.35620434125497,857.4879760742188,274.02037620030103,-14.967418,4.206049,-21.494175,4.570028
142,658,1.98822021484375,1588.2181091308594,133.8249503844452,1303.8340301513672,131.25326375603726,1140.7681884765625,139.7181238016107,1080.075210571289,160.14235821455054,1084.154541015625,133.1848090876477,1095.7465362548828,147.78898665022245,1143.8674926757812,166.57012000455683,999.9468536376953,197.237964099163,1152.5899810791016,193.15296903897547,454.2628631591797,57.03758053696969,91.896240234375,19.08097786626546,929.5110626220703,235.51000300841295,759.4392852783203,143.13995013605754,-18.067394,2.7687519,-25.055359,3.1637576
142,660,3.84979248046875,1629.89599609375,84.55555849843584,1333.6258239746094,86.30754548748045,1187.2438354492188,77.55912223888988,1115.2088165283203,99.45964093210885,1112.2288513183594,65.7933164788417,1101.2257843017578,144.7584093287013,1141.8425750732422,176.54112965454254,982.4953308105469,203.74878553049535,1142.8317108154297,213.64800808412838,448.2340087890625,68.59714755711478,82.70481872558594,33.58937351539675,892.379150390625,153.07300769861178,750.6432952880859,65.82525416282901,-19.171549,2.6521327,-25.665024,2.5134199
142,661,10.601806640625,1649.7046966552734,207.37763880616055,1368.7158966064453,306.87370663071226,1250.265121459961,381.1907672135162,1170.2743835449219,497.8855382071354,1193.3531188964844,515.4276739214779,1248.6643676757812,621.0413237188571,1317.6311798095703,686.1551765703863,1148.4050903320312,739.0569193852907,1352.2188262939453,762.8607355697136,502.02789306640625,235.67950171807968,69.24220275878906,36.26247018209631,1118.1378479003906,775.4478121295971,938.4696197509766,685.523521453997,-18.098085,3.4621036,-24.615606,3.4301238
142,686,2.00958251953125,1551.2947387695312,158.8234143166872,1283.8759460449219,184.97237266003123,1146.2550201416016,202.66628337972503,1082.7103271484375,245.2605479936369,1118.0655517578125,216.85586135854143,1199.4327392578125,314.28099300564713,1273.8235168457031,363.56174064916746,1139.6717376708984,412.82090613433417,1309.1400604248047,412.7542619654588,482.8497619628906,122.0887890239675,75.33749389648438,10.150195994620537,1080.181655883789,381.5166543624923,840.5402526855469,240.06976282944294,-16.5211,4.129506,-23.57602,4.5181613
142,687,1.53045654296875,1632.770034790039,55.790888850438066,1343.694107055664,74.26529469432492,1192.0512084960938,82.21753978706244,1132.7781066894531,98.5874830265045,1112.3808288574219,93.28638043312108,1089.116958618164,117.00457640686285,1128.393051147461,129.983648732906,960.4642639160156,150.73045008813628,1124.7274169921875,143.37696176277473,422.9421691894531,48.52362379041369,70.707275390625,16.185336699328946,887.5521545410156,154.59235955863977,754.5859375,103.49513933497938,-18.852345,2.343903,-25.91339,2.4548142
142,689,2.3834228515625,1598.6920776367188,114.29797986043154,1308.9247741699219,120.25767870944564,1181.6400299072266,115.18993773394651,1104.3231506347656,158.40911764220795,1111.5216979980469,117.20324042371001,1127.178726196289,263.68950003535406,1176.4767761230469,316.1623647900334,1017.3616790771484,355.73013501377966,1187.0055389404297,374.7435182666539,424.33331298828125,114.82270940275933,42.605010986328125,18.762256457326362,933.1474609375,261.05403860862873,768.736328125,148.50580345399092,-18.869244,3.2545907,-25.469482,3.2274344
142,690,3.240966796875,1579.5002899169922,226.49605861693874,1297.0762023925781,327.11154692762057,1180.1812744140625,405.1225751298256,1082.0406799316406,534.9411948932562,1104.375503540039,555.1640453524491,1171.1041412353516,680.5078111572875,1241.8355102539062,751.9900832313738,1066.997314453125,805.5173049055553,1283.034927368164,830.8069293862367,437.4320526123047,256.87156565592755,32.05775451660156,14.843823190174547,1065.782470703125,793.4384248770574,889.1880340576172,688.2752062582302,-18.002052,3.656617,-24.757402,3.679004
142,834,6.48345947265625,1481.3592987060547,310.5038549357359,1258.4794464111328,442.0895922263324,1157.0355377197266,523.728166704814,1019.432373046875,708.9090314894624,1042.330322265625,730.0359322385226,1067.9405212402344,816.6724446798047,1143.3815155029297,890.3796622577115,1048.4234313964844,958.1308497362718,1190.6590270996094,987.8116755335952,394.02601623535156,283.1794824356036,40.11860656738281,19.041092884831354,1065.6846160888672,1070.3325198310868,859.4627075195312,926.7962864515926,-17.55671,3.8685427,-24.413687,4.549176
142,835,6.49261474609375,1366.669174194336,328.61503313439283,1142.5364227294922,466.015187831465,1020.2251129150391,540.3840880754153,801.9469909667969,752.3670888108971,787.9355926513672,791.687055307533,745.0802612304688,874.4774035250473,782.4371185302734,955.5496452913774,721.1219635009766,1001.6472085386737,798.7028198242188,1059.0498356615028,279.26112365722656,296.1347650618373,21.398529052734375,19.314892753127825,716.7841949462891,1153.5694136210748,593.9647216796875,997.2561141190231,-17.942198,3.3839943,-25.505175,3.9397345
144,33,1.4678955078125,1762.5303344726562,33.16854488238353,1524.2992858886719,63.22129222233226,1278.7431945800781,88.97943563140272,1127.3448181152344,101.97271781028415,1100.8791809082031,110.47195308922812,1112.8813018798828,149.1502463444456,1154.3191833496094,171.30901489599373,1001.9730377197266,180.75472156726812,1160.6702117919922,190.6899539250714,344.84693908691406,52.01437174132714,8.707077026367188,1.0266956552124749,974.3776245117188,185.061274203402,823.1716613769531,132.0187919886157,-18.37936,2.0093076,-28.71429,2.765048
144,34,1.4678955078125,1766.4385528564453,28.049637135585233,1520.8769073486328,51.49059202486654,1259.306381225586,65.0798531493435,1114.480728149414,56.28025847120826,1085.6351623535156,44.11374885810462,1092.6820983886719,44.751604077080465,1131.6798553466797,47.48481524561025,978.0034332275391,52.11170262609809,1136.7381744384766,50.12825200824082,336.46144104003906,14.629908365161176,8.542984008789062,0.9649695803516538,952.8247375488281,42.27508178477183,808.1914978027344,35.53006485734763,-18.468739,1.7207935,-29.090927,2.3496175
144,62,3.3203125,1710.51416015625,141.2006694085879,1522.3068237304688,252.43445866250823,1387.5784912109375,286.6325199820302,1349.5094604492188,421.0326244214906,1418.7228240966797,435.2056840837409,1651.6762390136719,638.8747566049749,1792.6839294433594,747.9129097662433,1665.0430145263672,791.1001061343319,1879.7848815917969,837.3830973395094,547.1102447509766,227.51441398421812,10.221832275390625,1.8782564591558424,1641.9007568359375,796.2214635938684,1298.230728149414,608.5038338954596,-13.933036,5.4325547,-22.400528,7.3424606
144,63,3.3203125,1736.5066986083984,108.42203283873857,1520.2564086914062,167.2128788103123,1328.9805450439453,180.82308838006412,1219.6925811767578,270.35572894923814,1239.035385131836,302.94156536347066,1354.1117401123047,495.6353234192554,1442.6831512451172,590.9333581111923,1299.1994934082031,626.4366580373041,1487.9354705810547,669.6067445324762,434.5992126464844,182.94400197067432,9.292953491210938,1.6042117281047679,1269.4130859375,616.468193216769,1024.6982116699219,443.16954697242585,-16.604239,4.16159,-26.268948,5.7869606
144,91,1.8524169921875,1568.3522644042969,204.6926812181181,1419.1242065429688,354.94485146192284,1376.936508178711,390.52892648252606,1503.0403289794922,498.4360125371262,1675.943588256836,423.7343867473741,2103.970962524414,459.7225464655006,2341.8053131103516,508.06165034231134,2264.747802734375,538.6764659102827,2537.553497314453,544.2894206728593,744.2268676757812,129.77515938804487,11.931396484375,1.317811278391709,2405.3905029296875,578.3302595428678,1802.0228729248047,518.3152249106408,-10.335271,4.0155253,-17.368666,4.77875
144,92,1.8524169921875,1608.5382385253906,188.88643266470356,1434.91845703125,291.33187237367974,1349.931655883789,314.71592596772007,1390.3658599853516,427.4008359733108,1513.6811065673828,427.2560020895025,1820.2649230957031,593.8045978496003,2005.8781433105469,697.1275093738245,1906.7734069824219,746.9412865611773,2152.5333557128906,796.7405265777255,628.1091156005859,215.5358430908791,10.949569702148438,1.9863821966952042,1982.2095947265625,831.3175461297302,1496.466781616211,627.4831772900664,-13.056448,4.716539,-21.092693,6.338311
144,95,4.7119140625,1787.8533782958984,57.01928734127551,1576.2607727050781,126.59413591121827,1358.657943725586,187.49599552708227,1209.731918334961,276.78633782162404,1181.3062591552734,282.9838231203944,1192.4843292236328,319.0266511577959,1242.0709686279297,349.67774084795985,1087.6810607910156,367.37535382373824,1254.7825317382812,377.90103970561194,363.1827087402344,94.59996423099999,8.933425903320312,1.409439401938665,1084.3487243652344,428.4945902756153,907.4452056884766,346.1445080679469,-17.292948,3.2488563,-27.671011,4.437371
144,96,6.84051513671875,1794.8517303466797,72.85587121388048,1582.6823425292969,140.69964235428563,1360.9134826660156,191.79348764856266,1202.9478149414062,270.8953462086797,1173.4173736572266,268.8622213742781,1183.7605438232422,305.35264075737433,1232.8352661132812,332.72649149824093,1075.5094604492188,351.27941697790357,1246.5997924804688,360.3494789353123,362.043701171875,85.07775148777375,8.889907836914062,1.2077243474469337,1073.8324584960938,396.4002472014342,899.7217102050781,322.9377271908145,-17.165152,3.2976954,-27.551537,4.360737
144,97,7.22808837890625,1804.0151977539062,67.9015940756375,1584.4886474609375,123.00269529002237,1353.1318054199219,164.80674206288424,1201.0376586914062,227.27820277219308,1171.4395904541016,219.6577546721281,1177.8181610107422,237.11741935826228,1226.1598358154297,257.041525865539,1064.7274017333984,276.1524107751518,1239.6405944824219,279.45567482287964,362.1097412109375,59.60721330722768,8.75970458984375,1.0322691747121797,1064.9718780517578,304.2381117836334,895.0346374511719,245.68843138984315,-16.973051,3.5546603,-27.496944,4.438387
144,98,5.0994873046875,1808.3191223144531,38.17487449918462,1576.2636108398438,82.15251619421015,1324.1684265136719,109.55994846456584,1189.4667358398438,159.15230619006056,1162.6957550048828,154.76221249802143,1171.1043701171875,167.47660177334208,1218.0545959472656,183.18944656158118,1055.5100555419922,199.26129881766616,1230.6537780761719,201.32336431424744,360.9814147949219,45.25899746852306,8.6683349609375,1.0498218836595783,1052.8418426513672,232.7886284983707,888.1001739501953,187.8401916038121,-17.310226,3.2182977,-28.026482,4.0744767
144,124,4.7119140625,1757.7470092773438,188.91158125384231,1603.9881744384766,338.9484204650708,1501.6929168701172,397.35421522804717,1516.7162017822266,570.7294267798732,1575.8589477539062,557.6477440472021,1765.0797729492188,669.0720009933383,1904.1836242675781,754.4044407244143,1779.867935180664,801.9924107521068,2005.6813201904297,845.2633497632951,569.2423400878906,217.85782547825056,10.902191162109375,2.288985991379258,1924.7851104736328,1069.6427030781795,1505.6597900390625,755.9115507940606,-12.325743,5.7289486,-20.839033,7.3101163
144,125,7.7545166015625,1821.3905181884766,162.39702756764117,1655.0230560302734,308.6366378959968,1533.6526947021484,373.2365456955231,1499.6039276123047,550.936920046604,1523.1061096191406,540.4856831719904,1638.2818756103516,634.9531235089962,1746.248031616211,704.593933332792,1595.6505279541016,755.2654467777948,1817.5438385009766,780.4724308406459,517.2999267578125,195.8996055797541,10.459457397460938,2.146711943070142,1744.2497253417969,1038.1488368246805,1391.1395874023438,711.9557047047563,-13.057934,5.9113617,-22.163836,6.982832
144,126,11.6943359375,1847.1472625732422,117.33453872755189,1659.9830017089844,247.38407347178526,1512.4433288574219,317.1615450222815,1443.1308135986328,483.4074187854901,1440.4085388183594,475.8521626806689,1495.9562683105469,545.8034781656534,1580.1582336425781,601.6123851718344,1412.4781494140625,640.3538350540663,1629.6387481689453,659.9688333072507,465.95301818847656,157.22549564578856,9.80694580078125,1.7059782859407993,1514.5443878173828,759.3393017714677,1248.9582824707031,608.0474984782387,-13.767821,5.901571,-23.335138,6.713676
144,127,8.6517333984375,1829.3185424804688,76.9860232766683,1618.164306640625,169.0036735697945,1417.748291015625,224.54032518141906,1315.049087524414,350.0619527663911,1299.6836700439453,352.6494671124844,1331.598159790039,410.7109712812864,1397.0141143798828,458.53767181925195,1231.8519439697266,481.85202965775255,1428.9328918457031,510.35397595072413,411.375,124.41897826827028,9.102371215820312,1.4480136894772986,1279.5376434326172,583.4703031451626,1068.9357147216797,480.26540479389257,-15.604987,4.896015,-25.553747,5.772084
144,155,4.46624755859375,1852.3249969482422,153.8531791475079,1715.1778259277344,372.54492431952445,1643.4492797851562,440.6556896830758,1740.3467254638672,613.8532785117559,1784.3760375976562,561.5731162661402,1930.4385070800781,597.1732146793233,2059.429229736328,641.7723678390156,1909.483139038086,705.4663470613386,2148.7279052734375,693.29111638049,611.2681121826172,156.4970868604703,11.588287353515625,1.7811093753279392,2180.8041381835938,841.4827790782869,1818.3322143554688,753.4935071702565,-8.097298,6.2318506,-17.10779,6.5605946
144,156,3.55224609375,1836.5960083007812,149.18467787929546,1675.0862579345703,334.5863577812952,1561.2031860351562,410.2694146410951,1579.2577362060547,586.9455935474911,1598.8100280761719,558.861609576094,1705.2228240966797,632.9705781182585,1812.0113525390625,692.9069881971942,1659.4470520019531,733.384457800668,1878.7446899414062,750.719749185744,535.1276092529297,182.83704470161234,10.625106811523438,2.1040668499712503,1831.3083953857422,883.007291442047,1528.721664428711,779.240948591202,-10.860365,6.7561626,-19.616438,7.698977
144,285,1.7486572265625,1356.7297973632812,118.22239154700645,1074.5092468261719,209.9854067280957,844.2045593261719,329.5346966520702,663.3123168945312,481.55193608085096,688.6835174560547,576.117617451077,810.33251953125,822.8898743986297,873.1914520263672,948.632246603086,808.8242492675781,943.0670502183963,902.3614501953125,1059.4879424778067,231.424072265625,237.72164572008555,8.093887329101562,2.6498524499202287,748.8337860107422,983.0352453580673,528.4419555664062,676.0873099966525,-16.60527,3.7577736,-25.376665,5.1683283
144,286,2.75421142578125,1338.8639373779297,100.16194038912501,1024.3626403808594,166.7018611796604,724.7268371582031,249.8153265008336,500.6170959472656,337.62726838069955,475.20396423339844,381.1955963162623,486.9732971191406,496.12764256256725,495.48675537109375,559.5742179524441,434.2545471191406,556.3167937376891,478.13104248046875,617.8972546323652,134.64480590820312,138.27434215354992,6.9720001220703125,1.7773034860823882,361.17547607421875,598.2142376605457,275.22340393066406,432.7506760783,-18.013884,2.7174864,-27.240454,3.7151005
144,287,1.00555419921875,1314.219223022461,23.649401274584225,982.5572357177734,40.28453853067267,640.6829071044922,60.337618672930994,409.3389587402344,61.01936862947054,366.9930725097656,62.402693887774454,348.18971252441406,68.65505365652939,337.2181701660156,74.44387163392948,288.9145050048828,71.94754066654542,303.08421325683594,80.48710180476796,93.18374633789062,17.07328944946195,6.4125213623046875,1.0205595641041596,198.8482666015625,80.35332391678516,157.06243896484375,57.98530399003764,-18.744179,1.7382114,-28.15677,2.3597813
144,314,2.117919921875,1526.1895599365234,225.3542542042491,1335.5159149169922,359.6496299798122,1274.3164825439453,458.6677711043256,1294.4351043701172,674.7133057924755,1435.7792510986328,708.8072244184029,1832.3664855957031,926.5438398744574,2030.7350769042969,1047.132773945516,1943.8942108154297,1041.7590626161605,2179.867691040039,1155.1325955842385,527.1699829101562,256.2404813873308,11.387222290039062,2.7960468722759444,1997.9732360839844,1115.8941155320708,1423.7043762207031,836.8001354102987,-11.723251,4.6332974,-18.904673,6.042152
144,315,3.26080322265625,1529.0006561279297,255.9476221554814,1312.604019165039,408.1484105619806,1174.4114379882812,553.8530193313861,1104.4671478271484,801.4284688523935,1160.5853424072266,856.7395596358572,1367.1679992675781,1078.6807233281593,1480.0124053955078,1202.501279560856,1403.0191192626953,1196.235138855106,1560.9193267822266,1322.2608281421524,386.9815216064453,299.20860593481956,9.808837890625,3.267631525765057,1453.2014770507812,1318.9272412856728,1079.2528686523438,990.0624063682721,-13.6402645,5.3695326,-21.465624,7.0494666
144,316,1.14288330078125,1392.042221069336,192.08074565286338,1115.1942749023438,305.5519387627517,864.1874847412109,436.0084774938644,671.3223266601562,611.4970184424616,667.3384857177734,670.8168646093276,738.1234130859375,857.745211900796,775.1730499267578,958.7765955408341,722.3173370361328,949.0692059359897,784.6334228515625,1056.053105098039,206.31312561035156,240.2509299221353,7.671539306640625,2.6234752916924915,672.4911804199219,1027.5304966535418,495.9304656982422,752.2696327406909,-16.76556,4.0138803,-25.577404,5.209975
